"V1","V2"
NA,NA
NA,NA
NA,NA
NA,NA
NA,NA
NA,NA
NA,NA
NA,NA
NA,NA
NA,NA
NA,NA
NA,NA
NA,NA
NA,NA
NA,NA
NA,NA
NA,NA
NA,NA
NA,NA
NA,NA
NA,NA
NA,NA
NA,NA
NA,NA
NA,NA
NA,NA
NA,NA
NA,NA
NA,NA
NA,NA
NA,NA
NA,NA
NA,NA
NA,NA
NA,NA
NA,NA
NA,NA
NA,NA
NA,NA
NA,NA
NA,NA
NA,NA
NA,NA
NA,NA
NA,NA
NA,NA
NA,NA
NA,NA
NA,NA
NA,NA
NA,NA
NA,NA
NA,NA
NA,NA
NA,NA
NA,NA
NA,NA
NA,NA
NA,NA
NA,NA
NA,NA
NA,NA
NA,NA
NA,NA
NA,NA
NA,NA
NA,NA
NA,NA
NA,NA
NA,NA
NA,NA
NA,NA
NA,NA
NA,NA
NA,NA
NA,NA
NA,NA
NA,NA
NA,NA
NA,NA
NA,NA
NA,NA
NA,NA
NA,NA
NA,NA
NA,NA
NA,NA
NA,NA
NA,NA
NA,NA
NA,NA
NA,NA
NA,NA
NA,NA
NA,NA
NA,NA
NA,NA
NA,NA
NA,NA
NA,NA
NA,NA
NA,NA
NA,NA
NA,NA
NA,NA
NA,NA
NA,NA
NA,NA
NA,NA
NA,NA
NA,NA
NA,NA
NA,NA
NA,NA
NA,NA
NA,NA
NA,NA
NA,NA
NA,NA
NA,NA
NA,NA
NA,NA
NA,NA
NA,NA
NA,NA
NA,NA
NA,NA
NA,NA
NA,NA
NA,NA
NA,NA
NA,NA
NA,NA
NA,NA
NA,NA
NA,NA
NA,NA
NA,NA
NA,NA
NA,NA
NA,NA
NA,NA
NA,NA
NA,NA
NA,NA
NA,NA
NA,NA
NA,NA
NA,NA
NA,NA
NA,NA
NA,NA
NA,NA
NA,NA
NA,NA
NA,NA
NA,NA
NA,NA
NA,NA
NA,NA
NA,NA
NA,NA
NA,NA
NA,NA
NA,NA
NA,NA
NA,NA
NA,NA
NA,NA
NA,NA
NA,NA
NA,NA
NA,NA
NA,NA
NA,NA
NA,NA
NA,NA
NA,NA
NA,NA
NA,NA
NA,NA
NA,NA
NA,NA
NA,NA
NA,NA
NA,NA
NA,NA
NA,NA
NA,NA
NA,NA
NA,NA
NA,NA
NA,NA
NA,NA
NA,NA
NA,NA
NA,NA
NA,NA
NA,NA
NA,NA
NA,NA
NA,NA
NA,NA
NA,NA
NA,NA
NA,NA
NA,NA
NA,NA
NA,NA
NA,NA
NA,NA
NA,NA
NA,NA
NA,NA
NA,NA
NA,NA
NA,NA
NA,NA
NA,NA
NA,NA
NA,NA
NA,NA
NA,NA
NA,NA
668371.212121212,6034783.33333333
NA,NA
NA,NA
NA,NA
670391.414141414,6034783.33333333
NA,NA
NA,NA
NA,NA
672411.616161616,6034783.33333333
NA,NA
NA,NA
NA,NA
674431.818181818,6034783.33333333
NA,NA
NA,NA
675946.96969697,6034783.33333333
NA,NA
NA,NA
NA,NA
NA,NA
678472.222222222,6034783.33333333
NA,NA
NA,NA
NA,NA
680492.424242424,6034783.33333333
NA,NA
NA,NA
682007.575757576,6034783.33333333
NA,NA
NA,NA
NA,NA
684027.777777778,6034783.33333333
NA,NA
NA,NA
NA,NA
686047.97979798,6034783.33333333
NA,NA
NA,NA
NA,NA
688068.181818182,6034783.33333333
NA,NA
NA,NA
689583.333333333,6034783.33333333
NA,NA
NA,NA
NA,NA
NA,NA
692108.585858586,6034783.33333333
NA,NA
NA,NA
693623.737373737,6034783.33333333
NA,NA
NA,NA
NA,NA
NA,NA
696148.98989899,6034783.33333333
NA,NA
NA,NA
NA,NA
698169.191919192,6034783.33333333
NA,NA
NA,NA
NA,NA
700189.393939394,6034783.33333333
NA,NA
NA,NA
701704.545454545,6034783.33333333
NA,NA
NA,NA
NA,NA
NA,NA
NA,NA
NA,NA
NA,NA
NA,NA
NA,NA
NA,NA
NA,NA
NA,NA
NA,NA
NA,NA
NA,NA
NA,NA
NA,NA
NA,NA
NA,NA
NA,NA
NA,NA
NA,NA
NA,NA
NA,NA
NA,NA
NA,NA
NA,NA
NA,NA
NA,NA
NA,NA
NA,NA
NA,NA
NA,NA
NA,NA
NA,NA
NA,NA
NA,NA
NA,NA
NA,NA
NA,NA
NA,NA
NA,NA
NA,NA
NA,NA
NA,NA
NA,NA
NA,NA
NA,NA
NA,NA
NA,NA
NA,NA
NA,NA
NA,NA
NA,NA
NA,NA
NA,NA
NA,NA
NA,NA
NA,NA
NA,NA
NA,NA
NA,NA
NA,NA
NA,NA
NA,NA
NA,NA
NA,NA
NA,NA
NA,NA
NA,NA
NA,NA
NA,NA
NA,NA
NA,NA
NA,NA
NA,NA
NA,NA
NA,NA
NA,NA
NA,NA
NA,NA
NA,NA
NA,NA
NA,NA
NA,NA
NA,NA
NA,NA
NA,NA
NA,NA
NA,NA
NA,NA
NA,NA
NA,NA
NA,NA
NA,NA
NA,NA
NA,NA
NA,NA
NA,NA
NA,NA
NA,NA
NA,NA
NA,NA
NA,NA
NA,NA
NA,NA
NA,NA
NA,NA
NA,NA
NA,NA
NA,NA
NA,NA
NA,NA
NA,NA
NA,NA
NA,NA
NA,NA
NA,NA
NA,NA
NA,NA
NA,NA
NA,NA
NA,NA
NA,NA
NA,NA
NA,NA
NA,NA
NA,NA
NA,NA
NA,NA
NA,NA
NA,NA
NA,NA
NA,NA
NA,NA
NA,NA
NA,NA
NA,NA
NA,NA
NA,NA
NA,NA
NA,NA
NA,NA
NA,NA
NA,NA
NA,NA
NA,NA
NA,NA
NA,NA
NA,NA
NA,NA
NA,NA
NA,NA
NA,NA
NA,NA
NA,NA
NA,NA
NA,NA
NA,NA
NA,NA
NA,NA
NA,NA
NA,NA
NA,NA
NA,NA
NA,NA
NA,NA
NA,NA
NA,NA
NA,NA
NA,NA
NA,NA
NA,NA
NA,NA
NA,NA
NA,NA
NA,NA
NA,NA
NA,NA
NA,NA
NA,NA
NA,NA
NA,NA
NA,NA
NA,NA
NA,NA
NA,NA
NA,NA
NA,NA
NA,NA
NA,NA
NA,NA
NA,NA
NA,NA
NA,NA
NA,NA
NA,NA
NA,NA
NA,NA
NA,NA
NA,NA
NA,NA
NA,NA
NA,NA
NA,NA
NA,NA
NA,NA
NA,NA
NA,NA
NA,NA
NA,NA
NA,NA
NA,NA
NA,NA
NA,NA
NA,NA
NA,NA
NA,NA
NA,NA
NA,NA
NA,NA
NA,NA
NA,NA
NA,NA
NA,NA
NA,NA
NA,NA
NA,NA
NA,NA
NA,NA
NA,NA
NA,NA
NA,NA
NA,NA
NA,NA
NA,NA
NA,NA
NA,NA
NA,NA
NA,NA
NA,NA
NA,NA
NA,NA
NA,NA
NA,NA
NA,NA
NA,NA
NA,NA
NA,NA
NA,NA
NA,NA
NA,NA
NA,NA
NA,NA
NA,NA
NA,NA
NA,NA
NA,NA
NA,NA
NA,NA
NA,NA
NA,NA
NA,NA
NA,NA
NA,NA
NA,NA
NA,NA
NA,NA
NA,NA
NA,NA
NA,NA
NA,NA
NA,NA
NA,NA
NA,NA
NA,NA
NA,NA
NA,NA
NA,NA
NA,NA
NA,NA
NA,NA
NA,NA
NA,NA
NA,NA
NA,NA
NA,NA
NA,NA
NA,NA
NA,NA
NA,NA
NA,NA
NA,NA
NA,NA
NA,NA
NA,NA
NA,NA
NA,NA
NA,NA
NA,NA
NA,NA
NA,NA
NA,NA
NA,NA
NA,NA
NA,NA
NA,NA
NA,NA
NA,NA
NA,NA
NA,NA
NA,NA
NA,NA
NA,NA
NA,NA
NA,NA
NA,NA
NA,NA
NA,NA
NA,NA
NA,NA
NA,NA
NA,NA
NA,NA
NA,NA
NA,NA
NA,NA
NA,NA
NA,NA
NA,NA
NA,NA
NA,NA
NA,NA
668371.212121212,6035850
NA,NA
NA,NA
NA,NA
NA,NA
NA,NA
NA,NA
NA,NA
NA,NA
NA,NA
NA,NA
NA,NA
674431.818181818,6035850
NA,NA
NA,NA
NA,NA
NA,NA
NA,NA
NA,NA
NA,NA
678472.222222222,6035850
NA,NA
NA,NA
NA,NA
NA,NA
NA,NA
NA,NA
682007.575757576,6035850
NA,NA
NA,NA
NA,NA
684027.777777778,6035850
NA,NA
NA,NA
NA,NA
686047.97979798,6035850
NA,NA
NA,NA
NA,NA
688068.181818182,6035850
NA,NA
NA,NA
689583.333333333,6035850
NA,NA
NA,NA
NA,NA
NA,NA
692108.585858586,6035850
NA,NA
NA,NA
NA,NA
NA,NA
NA,NA
NA,NA
NA,NA
696148.98989899,6035850
NA,NA
NA,NA
NA,NA
NA,NA
NA,NA
NA,NA
NA,NA
700189.393939394,6035850
NA,NA
NA,NA
NA,NA
NA,NA
NA,NA
NA,NA
NA,NA
NA,NA
NA,NA
NA,NA
NA,NA
NA,NA
NA,NA
NA,NA
NA,NA
NA,NA
NA,NA
NA,NA
NA,NA
NA,NA
NA,NA
NA,NA
NA,NA
NA,NA
NA,NA
NA,NA
NA,NA
NA,NA
NA,NA
NA,NA
NA,NA
NA,NA
666351.01010101,6036116.66666667
NA,NA
NA,NA
NA,NA
NA,NA
NA,NA
NA,NA
NA,NA
670391.414141414,6036116.66666667
NA,NA
NA,NA
NA,NA
672411.616161616,6036116.66666667
NA,NA
NA,NA
NA,NA
NA,NA
NA,NA
NA,NA
NA,NA
NA,NA
NA,NA
NA,NA
NA,NA
NA,NA
NA,NA
NA,NA
NA,NA
680492.424242424,6036116.66666667
NA,NA
NA,NA
NA,NA
NA,NA
NA,NA
NA,NA
NA,NA
NA,NA
NA,NA
NA,NA
NA,NA
NA,NA
NA,NA
NA,NA
NA,NA
NA,NA
NA,NA
NA,NA
NA,NA
NA,NA
NA,NA
NA,NA
NA,NA
NA,NA
NA,NA
693623.737373737,6036116.66666667
NA,NA
NA,NA
NA,NA
NA,NA
NA,NA
NA,NA
NA,NA
NA,NA
698169.191919192,6036116.66666667
NA,NA
NA,NA
NA,NA
NA,NA
NA,NA
NA,NA
701704.545454545,6036116.66666667
NA,NA
NA,NA
NA,NA
NA,NA
NA,NA
NA,NA
NA,NA
NA,NA
NA,NA
NA,NA
NA,NA
NA,NA
NA,NA
NA,NA
NA,NA
NA,NA
NA,NA
NA,NA
NA,NA
NA,NA
NA,NA
NA,NA
NA,NA
NA,NA
NA,NA
NA,NA
NA,NA
NA,NA
NA,NA
NA,NA
NA,NA
NA,NA
NA,NA
NA,NA
NA,NA
NA,NA
NA,NA
NA,NA
NA,NA
NA,NA
NA,NA
NA,NA
NA,NA
NA,NA
NA,NA
NA,NA
NA,NA
NA,NA
NA,NA
NA,NA
NA,NA
NA,NA
NA,NA
NA,NA
NA,NA
NA,NA
NA,NA
NA,NA
NA,NA
NA,NA
NA,NA
NA,NA
NA,NA
NA,NA
NA,NA
NA,NA
NA,NA
NA,NA
NA,NA
NA,NA
NA,NA
NA,NA
NA,NA
NA,NA
NA,NA
NA,NA
NA,NA
NA,NA
NA,NA
NA,NA
NA,NA
NA,NA
NA,NA
NA,NA
NA,NA
NA,NA
NA,NA
NA,NA
NA,NA
NA,NA
NA,NA
NA,NA
NA,NA
NA,NA
NA,NA
NA,NA
NA,NA
NA,NA
NA,NA
NA,NA
NA,NA
NA,NA
NA,NA
NA,NA
NA,NA
NA,NA
NA,NA
NA,NA
NA,NA
NA,NA
NA,NA
NA,NA
NA,NA
NA,NA
NA,NA
NA,NA
NA,NA
NA,NA
NA,NA
NA,NA
NA,NA
NA,NA
NA,NA
NA,NA
NA,NA
NA,NA
NA,NA
NA,NA
NA,NA
NA,NA
NA,NA
NA,NA
NA,NA
NA,NA
NA,NA
NA,NA
NA,NA
NA,NA
NA,NA
NA,NA
NA,NA
NA,NA
NA,NA
NA,NA
NA,NA
NA,NA
NA,NA
NA,NA
675946.96969697,6036650
NA,NA
NA,NA
NA,NA
NA,NA
NA,NA
NA,NA
NA,NA
NA,NA
NA,NA
NA,NA
NA,NA
NA,NA
NA,NA
NA,NA
NA,NA
NA,NA
NA,NA
NA,NA
NA,NA
NA,NA
NA,NA
NA,NA
NA,NA
NA,NA
NA,NA
NA,NA
NA,NA
NA,NA
NA,NA
NA,NA
NA,NA
NA,NA
NA,NA
NA,NA
NA,NA
NA,NA
NA,NA
NA,NA
NA,NA
NA,NA
NA,NA
NA,NA
NA,NA
NA,NA
NA,NA
NA,NA
NA,NA
NA,NA
NA,NA
NA,NA
NA,NA
NA,NA
NA,NA
NA,NA
NA,NA
NA,NA
NA,NA
NA,NA
NA,NA
NA,NA
NA,NA
NA,NA
NA,NA
NA,NA
NA,NA
NA,NA
NA,NA
NA,NA
NA,NA
NA,NA
NA,NA
NA,NA
NA,NA
NA,NA
NA,NA
NA,NA
NA,NA
NA,NA
NA,NA
NA,NA
NA,NA
NA,NA
NA,NA
NA,NA
NA,NA
NA,NA
NA,NA
NA,NA
NA,NA
NA,NA
NA,NA
NA,NA
NA,NA
NA,NA
NA,NA
NA,NA
NA,NA
NA,NA
NA,NA
NA,NA
NA,NA
NA,NA
NA,NA
NA,NA
NA,NA
NA,NA
NA,NA
NA,NA
NA,NA
NA,NA
NA,NA
NA,NA
NA,NA
NA,NA
NA,NA
NA,NA
NA,NA
NA,NA
NA,NA
NA,NA
NA,NA
NA,NA
NA,NA
NA,NA
NA,NA
NA,NA
NA,NA
NA,NA
NA,NA
NA,NA
NA,NA
NA,NA
NA,NA
NA,NA
NA,NA
NA,NA
NA,NA
NA,NA
NA,NA
NA,NA
NA,NA
NA,NA
NA,NA
NA,NA
NA,NA
NA,NA
NA,NA
NA,NA
NA,NA
NA,NA
NA,NA
NA,NA
NA,NA
NA,NA
NA,NA
NA,NA
NA,NA
NA,NA
NA,NA
NA,NA
NA,NA
NA,NA
NA,NA
NA,NA
NA,NA
NA,NA
NA,NA
NA,NA
NA,NA
NA,NA
NA,NA
NA,NA
NA,NA
NA,NA
NA,NA
NA,NA
NA,NA
NA,NA
NA,NA
NA,NA
NA,NA
NA,NA
NA,NA
NA,NA
668371.212121212,6037183.33333333
NA,NA
NA,NA
NA,NA
NA,NA
NA,NA
NA,NA
NA,NA
NA,NA
NA,NA
NA,NA
NA,NA
674431.818181818,6037183.33333333
NA,NA
NA,NA
NA,NA
NA,NA
NA,NA
NA,NA
NA,NA
678472.222222222,6037183.33333333
NA,NA
NA,NA
NA,NA
NA,NA
NA,NA
NA,NA
682007.575757576,6037183.33333333
NA,NA
NA,NA
NA,NA
684027.777777778,6037183.33333333
NA,NA
NA,NA
NA,NA
686047.97979798,6037183.33333333
NA,NA
NA,NA
NA,NA
688068.181818182,6037183.33333333
NA,NA
NA,NA
689583.333333333,6037183.33333333
NA,NA
NA,NA
NA,NA
NA,NA
692108.585858586,6037183.33333333
NA,NA
NA,NA
693623.737373737,6037183.33333333
NA,NA
NA,NA
NA,NA
NA,NA
696148.98989899,6037183.33333333
NA,NA
NA,NA
NA,NA
NA,NA
NA,NA
NA,NA
NA,NA
700189.393939394,6037183.33333333
NA,NA
NA,NA
NA,NA
NA,NA
NA,NA
NA,NA
NA,NA
NA,NA
NA,NA
NA,NA
NA,NA
NA,NA
NA,NA
NA,NA
NA,NA
NA,NA
NA,NA
NA,NA
NA,NA
NA,NA
NA,NA
NA,NA
NA,NA
NA,NA
NA,NA
NA,NA
NA,NA
NA,NA
NA,NA
NA,NA
NA,NA
NA,NA
NA,NA
NA,NA
NA,NA
NA,NA
NA,NA
NA,NA
NA,NA
NA,NA
NA,NA
NA,NA
NA,NA
NA,NA
NA,NA
NA,NA
NA,NA
NA,NA
NA,NA
NA,NA
NA,NA
NA,NA
NA,NA
NA,NA
NA,NA
NA,NA
NA,NA
NA,NA
NA,NA
NA,NA
NA,NA
NA,NA
NA,NA
NA,NA
NA,NA
NA,NA
NA,NA
NA,NA
NA,NA
NA,NA
NA,NA
NA,NA
NA,NA
NA,NA
NA,NA
NA,NA
NA,NA
NA,NA
NA,NA
NA,NA
NA,NA
NA,NA
NA,NA
NA,NA
NA,NA
NA,NA
NA,NA
NA,NA
NA,NA
NA,NA
NA,NA
NA,NA
NA,NA
NA,NA
NA,NA
NA,NA
NA,NA
NA,NA
NA,NA
NA,NA
NA,NA
NA,NA
NA,NA
NA,NA
NA,NA
NA,NA
NA,NA
NA,NA
NA,NA
NA,NA
NA,NA
NA,NA
NA,NA
NA,NA
NA,NA
NA,NA
NA,NA
NA,NA
NA,NA
NA,NA
NA,NA
NA,NA
NA,NA
NA,NA
NA,NA
NA,NA
NA,NA
663825.757575758,6037716.66666667
NA,NA
NA,NA
NA,NA
NA,NA
666351.01010101,6037716.66666667
NA,NA
NA,NA
NA,NA
NA,NA
NA,NA
NA,NA
NA,NA
670391.414141414,6037716.66666667
NA,NA
NA,NA
NA,NA
672411.616161616,6037716.66666667
NA,NA
NA,NA
NA,NA
NA,NA
NA,NA
NA,NA
NA,NA
NA,NA
NA,NA
NA,NA
NA,NA
NA,NA
NA,NA
NA,NA
NA,NA
680492.424242424,6037716.66666667
NA,NA
NA,NA
NA,NA
NA,NA
NA,NA
NA,NA
NA,NA
NA,NA
NA,NA
NA,NA
NA,NA
NA,NA
NA,NA
NA,NA
NA,NA
NA,NA
NA,NA
NA,NA
NA,NA
NA,NA
NA,NA
NA,NA
NA,NA
NA,NA
NA,NA
NA,NA
NA,NA
NA,NA
NA,NA
NA,NA
NA,NA
NA,NA
NA,NA
NA,NA
698169.191919192,6037716.66666667
NA,NA
NA,NA
NA,NA
NA,NA
NA,NA
NA,NA
701704.545454545,6037716.66666667
NA,NA
NA,NA
NA,NA
NA,NA
NA,NA
NA,NA
NA,NA
NA,NA
NA,NA
NA,NA
NA,NA
NA,NA
NA,NA
NA,NA
NA,NA
NA,NA
NA,NA
NA,NA
NA,NA
NA,NA
NA,NA
NA,NA
NA,NA
NA,NA
NA,NA
NA,NA
NA,NA
NA,NA
NA,NA
NA,NA
NA,NA
NA,NA
NA,NA
NA,NA
NA,NA
NA,NA
NA,NA
NA,NA
NA,NA
NA,NA
NA,NA
NA,NA
NA,NA
NA,NA
NA,NA
NA,NA
NA,NA
NA,NA
NA,NA
NA,NA
NA,NA
NA,NA
NA,NA
NA,NA
NA,NA
NA,NA
NA,NA
NA,NA
NA,NA
NA,NA
NA,NA
NA,NA
NA,NA
NA,NA
NA,NA
NA,NA
NA,NA
NA,NA
NA,NA
NA,NA
NA,NA
NA,NA
NA,NA
NA,NA
NA,NA
NA,NA
NA,NA
NA,NA
NA,NA
NA,NA
NA,NA
NA,NA
NA,NA
NA,NA
NA,NA
NA,NA
NA,NA
NA,NA
NA,NA
NA,NA
NA,NA
NA,NA
NA,NA
NA,NA
NA,NA
NA,NA
NA,NA
NA,NA
NA,NA
NA,NA
NA,NA
NA,NA
NA,NA
NA,NA
NA,NA
NA,NA
NA,NA
NA,NA
NA,NA
NA,NA
NA,NA
NA,NA
NA,NA
NA,NA
NA,NA
NA,NA
NA,NA
NA,NA
NA,NA
NA,NA
NA,NA
NA,NA
NA,NA
NA,NA
NA,NA
NA,NA
NA,NA
NA,NA
NA,NA
NA,NA
NA,NA
NA,NA
NA,NA
NA,NA
NA,NA
NA,NA
NA,NA
NA,NA
NA,NA
NA,NA
NA,NA
NA,NA
NA,NA
NA,NA
NA,NA
NA,NA
NA,NA
NA,NA
675946.96969697,6038250
NA,NA
NA,NA
NA,NA
NA,NA
678472.222222222,6038250
NA,NA
NA,NA
NA,NA
NA,NA
NA,NA
NA,NA
NA,NA
NA,NA
NA,NA
NA,NA
NA,NA
NA,NA
NA,NA
NA,NA
NA,NA
NA,NA
NA,NA
NA,NA
688068.181818182,6038250
NA,NA
NA,NA
NA,NA
NA,NA
NA,NA
NA,NA
NA,NA
NA,NA
NA,NA
NA,NA
NA,NA
NA,NA
NA,NA
NA,NA
NA,NA
NA,NA
NA,NA
NA,NA
NA,NA
NA,NA
NA,NA
NA,NA
NA,NA
NA,NA
NA,NA
NA,NA
NA,NA
NA,NA
NA,NA
NA,NA
NA,NA
704229.797979798,6038250
NA,NA
NA,NA
NA,NA
NA,NA
NA,NA
NA,NA
NA,NA
NA,NA
NA,NA
NA,NA
NA,NA
NA,NA
NA,NA
NA,NA
NA,NA
NA,NA
NA,NA
NA,NA
NA,NA
NA,NA
NA,NA
NA,NA
NA,NA
NA,NA
NA,NA
NA,NA
NA,NA
NA,NA
NA,NA
NA,NA
NA,NA
NA,NA
NA,NA
NA,NA
NA,NA
NA,NA
NA,NA
NA,NA
NA,NA
NA,NA
NA,NA
NA,NA
NA,NA
NA,NA
NA,NA
NA,NA
NA,NA
NA,NA
NA,NA
NA,NA
NA,NA
NA,NA
NA,NA
NA,NA
NA,NA
NA,NA
NA,NA
NA,NA
NA,NA
NA,NA
NA,NA
NA,NA
NA,NA
NA,NA
NA,NA
NA,NA
NA,NA
NA,NA
NA,NA
NA,NA
NA,NA
NA,NA
NA,NA
NA,NA
NA,NA
NA,NA
NA,NA
NA,NA
NA,NA
NA,NA
NA,NA
NA,NA
NA,NA
NA,NA
NA,NA
NA,NA
NA,NA
NA,NA
NA,NA
NA,NA
NA,NA
NA,NA
NA,NA
NA,NA
NA,NA
NA,NA
NA,NA
NA,NA
NA,NA
NA,NA
NA,NA
NA,NA
NA,NA
NA,NA
NA,NA
NA,NA
NA,NA
NA,NA
NA,NA
NA,NA
NA,NA
NA,NA
NA,NA
NA,NA
NA,NA
NA,NA
662310.606060606,6038783.33333333
NA,NA
NA,NA
663825.757575758,6038783.33333333
NA,NA
NA,NA
NA,NA
NA,NA
666351.01010101,6038783.33333333
NA,NA
NA,NA
NA,NA
668371.212121212,6038783.33333333
NA,NA
NA,NA
NA,NA
NA,NA
NA,NA
NA,NA
NA,NA
672411.616161616,6038783.33333333
NA,NA
NA,NA
NA,NA
674431.818181818,6038783.33333333
NA,NA
NA,NA
NA,NA
NA,NA
NA,NA
NA,NA
NA,NA
NA,NA
NA,NA
NA,NA
NA,NA
NA,NA
NA,NA
NA,NA
682007.575757576,6038783.33333333
NA,NA
NA,NA
NA,NA
684027.777777778,6038783.33333333
NA,NA
NA,NA
NA,NA
686047.97979798,6038783.33333333
NA,NA
NA,NA
NA,NA
NA,NA
NA,NA
NA,NA
689583.333333333,6038783.33333333
NA,NA
NA,NA
NA,NA
NA,NA
692108.585858586,6038783.33333333
NA,NA
NA,NA
693623.737373737,6038783.33333333
NA,NA
NA,NA
NA,NA
NA,NA
696148.98989899,6038783.33333333
NA,NA
NA,NA
NA,NA
698169.191919192,6038783.33333333
NA,NA
NA,NA
NA,NA
700189.393939394,6038783.33333333
NA,NA
NA,NA
NA,NA
NA,NA
NA,NA
NA,NA
NA,NA
NA,NA
NA,NA
NA,NA
NA,NA
NA,NA
NA,NA
NA,NA
NA,NA
NA,NA
NA,NA
NA,NA
NA,NA
NA,NA
NA,NA
NA,NA
NA,NA
NA,NA
NA,NA
NA,NA
NA,NA
NA,NA
NA,NA
NA,NA
NA,NA
NA,NA
NA,NA
NA,NA
NA,NA
NA,NA
NA,NA
NA,NA
NA,NA
NA,NA
NA,NA
NA,NA
NA,NA
NA,NA
NA,NA
NA,NA
NA,NA
NA,NA
NA,NA
NA,NA
NA,NA
NA,NA
NA,NA
NA,NA
NA,NA
NA,NA
NA,NA
NA,NA
NA,NA
NA,NA
NA,NA
NA,NA
NA,NA
NA,NA
NA,NA
NA,NA
NA,NA
NA,NA
NA,NA
NA,NA
NA,NA
NA,NA
NA,NA
NA,NA
NA,NA
NA,NA
NA,NA
NA,NA
NA,NA
NA,NA
NA,NA
NA,NA
NA,NA
NA,NA
NA,NA
NA,NA
NA,NA
NA,NA
NA,NA
NA,NA
NA,NA
NA,NA
NA,NA
NA,NA
NA,NA
NA,NA
NA,NA
NA,NA
NA,NA
NA,NA
NA,NA
NA,NA
NA,NA
NA,NA
NA,NA
NA,NA
NA,NA
NA,NA
NA,NA
NA,NA
NA,NA
NA,NA
NA,NA
NA,NA
NA,NA
NA,NA
NA,NA
NA,NA
NA,NA
NA,NA
NA,NA
NA,NA
NA,NA
NA,NA
NA,NA
NA,NA
NA,NA
NA,NA
NA,NA
NA,NA
NA,NA
NA,NA
NA,NA
NA,NA
NA,NA
NA,NA
NA,NA
NA,NA
NA,NA
NA,NA
670391.414141414,6039316.66666667
NA,NA
NA,NA
NA,NA
NA,NA
NA,NA
NA,NA
NA,NA
NA,NA
NA,NA
NA,NA
NA,NA
NA,NA
NA,NA
NA,NA
NA,NA
NA,NA
NA,NA
NA,NA
NA,NA
680492.424242424,6039316.66666667
NA,NA
NA,NA
NA,NA
NA,NA
NA,NA
NA,NA
NA,NA
NA,NA
NA,NA
NA,NA
NA,NA
NA,NA
NA,NA
NA,NA
NA,NA
NA,NA
NA,NA
NA,NA
NA,NA
NA,NA
NA,NA
NA,NA
NA,NA
NA,NA
NA,NA
NA,NA
NA,NA
NA,NA
NA,NA
NA,NA
NA,NA
NA,NA
NA,NA
NA,NA
NA,NA
NA,NA
NA,NA
NA,NA
NA,NA
NA,NA
NA,NA
701704.545454545,6039316.66666667
NA,NA
NA,NA
NA,NA
NA,NA
NA,NA
NA,NA
NA,NA
NA,NA
NA,NA
NA,NA
NA,NA
NA,NA
NA,NA
NA,NA
NA,NA
NA,NA
NA,NA
NA,NA
NA,NA
NA,NA
NA,NA
NA,NA
NA,NA
NA,NA
NA,NA
NA,NA
NA,NA
NA,NA
NA,NA
NA,NA
NA,NA
NA,NA
NA,NA
NA,NA
NA,NA
NA,NA
NA,NA
NA,NA
NA,NA
NA,NA
NA,NA
NA,NA
NA,NA
NA,NA
NA,NA
NA,NA
NA,NA
NA,NA
NA,NA
NA,NA
NA,NA
NA,NA
NA,NA
NA,NA
NA,NA
NA,NA
NA,NA
NA,NA
NA,NA
NA,NA
NA,NA
NA,NA
NA,NA
NA,NA
NA,NA
NA,NA
NA,NA
NA,NA
NA,NA
NA,NA
NA,NA
NA,NA
NA,NA
NA,NA
NA,NA
NA,NA
NA,NA
NA,NA
NA,NA
NA,NA
NA,NA
NA,NA
NA,NA
NA,NA
NA,NA
NA,NA
NA,NA
NA,NA
NA,NA
NA,NA
NA,NA
NA,NA
NA,NA
NA,NA
NA,NA
NA,NA
NA,NA
NA,NA
NA,NA
NA,NA
NA,NA
NA,NA
NA,NA
NA,NA
NA,NA
NA,NA
NA,NA
NA,NA
NA,NA
NA,NA
NA,NA
NA,NA
NA,NA
NA,NA
NA,NA
NA,NA
NA,NA
NA,NA
NA,NA
NA,NA
NA,NA
NA,NA
NA,NA
NA,NA
NA,NA
NA,NA
NA,NA
NA,NA
NA,NA
NA,NA
NA,NA
NA,NA
NA,NA
668371.212121212,6039850
NA,NA
NA,NA
NA,NA
NA,NA
NA,NA
NA,NA
NA,NA
NA,NA
NA,NA
NA,NA
NA,NA
NA,NA
NA,NA
NA,NA
675946.96969697,6039850
NA,NA
NA,NA
NA,NA
NA,NA
678472.222222222,6039850
NA,NA
NA,NA
NA,NA
NA,NA
NA,NA
NA,NA
NA,NA
NA,NA
NA,NA
NA,NA
NA,NA
NA,NA
NA,NA
NA,NA
NA,NA
NA,NA
NA,NA
NA,NA
688068.181818182,6039850
NA,NA
NA,NA
NA,NA
NA,NA
NA,NA
NA,NA
NA,NA
692108.585858586,6039850
NA,NA
NA,NA
693623.737373737,6039850
NA,NA
NA,NA
NA,NA
NA,NA
NA,NA
NA,NA
NA,NA
NA,NA
NA,NA
NA,NA
NA,NA
NA,NA
NA,NA
NA,NA
NA,NA
NA,NA
NA,NA
NA,NA
NA,NA
NA,NA
704229.797979798,6039850
NA,NA
NA,NA
NA,NA
NA,NA
NA,NA
NA,NA
NA,NA
NA,NA
NA,NA
NA,NA
NA,NA
NA,NA
NA,NA
NA,NA
NA,NA
NA,NA
662310.606060606,6040116.66666667
NA,NA
NA,NA
663825.757575758,6040116.66666667
NA,NA
NA,NA
NA,NA
NA,NA
666351.01010101,6040116.66666667
NA,NA
NA,NA
NA,NA
NA,NA
NA,NA
NA,NA
NA,NA
NA,NA
NA,NA
NA,NA
NA,NA
672411.616161616,6040116.66666667
NA,NA
NA,NA
NA,NA
674431.818181818,6040116.66666667
NA,NA
NA,NA
NA,NA
NA,NA
NA,NA
NA,NA
NA,NA
NA,NA
NA,NA
NA,NA
NA,NA
NA,NA
NA,NA
NA,NA
682007.575757576,6040116.66666667
NA,NA
NA,NA
NA,NA
684027.777777778,6040116.66666667
NA,NA
NA,NA
NA,NA
686047.97979798,6040116.66666667
NA,NA
NA,NA
NA,NA
NA,NA
NA,NA
NA,NA
NA,NA
NA,NA
NA,NA
NA,NA
NA,NA
NA,NA
NA,NA
NA,NA
NA,NA
NA,NA
NA,NA
NA,NA
NA,NA
696148.98989899,6040116.66666667
NA,NA
NA,NA
NA,NA
698169.191919192,6040116.66666667
NA,NA
NA,NA
NA,NA
700189.393939394,6040116.66666667
NA,NA
NA,NA
NA,NA
NA,NA
NA,NA
NA,NA
NA,NA
NA,NA
NA,NA
NA,NA
NA,NA
NA,NA
NA,NA
NA,NA
NA,NA
NA,NA
NA,NA
NA,NA
NA,NA
NA,NA
NA,NA
NA,NA
NA,NA
NA,NA
NA,NA
NA,NA
NA,NA
NA,NA
NA,NA
NA,NA
NA,NA
NA,NA
NA,NA
NA,NA
NA,NA
NA,NA
NA,NA
NA,NA
NA,NA
NA,NA
NA,NA
NA,NA
NA,NA
NA,NA
NA,NA
NA,NA
NA,NA
NA,NA
NA,NA
NA,NA
NA,NA
NA,NA
NA,NA
NA,NA
NA,NA
NA,NA
NA,NA
NA,NA
NA,NA
NA,NA
NA,NA
NA,NA
NA,NA
NA,NA
NA,NA
NA,NA
NA,NA
NA,NA
NA,NA
NA,NA
NA,NA
NA,NA
NA,NA
NA,NA
NA,NA
NA,NA
NA,NA
NA,NA
NA,NA
NA,NA
NA,NA
NA,NA
NA,NA
NA,NA
NA,NA
NA,NA
NA,NA
NA,NA
NA,NA
NA,NA
NA,NA
NA,NA
NA,NA
NA,NA
NA,NA
NA,NA
NA,NA
NA,NA
NA,NA
NA,NA
NA,NA
NA,NA
NA,NA
NA,NA
NA,NA
NA,NA
NA,NA
NA,NA
NA,NA
NA,NA
NA,NA
NA,NA
NA,NA
NA,NA
NA,NA
NA,NA
NA,NA
NA,NA
NA,NA
NA,NA
NA,NA
NA,NA
NA,NA
NA,NA
NA,NA
NA,NA
NA,NA
NA,NA
NA,NA
NA,NA
NA,NA
NA,NA
NA,NA
NA,NA
NA,NA
NA,NA
NA,NA
NA,NA
NA,NA
NA,NA
670391.414141414,6040650
NA,NA
NA,NA
NA,NA
NA,NA
NA,NA
NA,NA
NA,NA
NA,NA
NA,NA
NA,NA
NA,NA
NA,NA
NA,NA
NA,NA
NA,NA
NA,NA
NA,NA
NA,NA
NA,NA
NA,NA
NA,NA
NA,NA
NA,NA
NA,NA
NA,NA
NA,NA
NA,NA
NA,NA
NA,NA
NA,NA
NA,NA
NA,NA
NA,NA
NA,NA
NA,NA
NA,NA
NA,NA
689583.333333333,6040650
NA,NA
NA,NA
NA,NA
NA,NA
NA,NA
NA,NA
NA,NA
NA,NA
NA,NA
NA,NA
NA,NA
NA,NA
NA,NA
NA,NA
NA,NA
NA,NA
NA,NA
NA,NA
NA,NA
NA,NA
NA,NA
NA,NA
NA,NA
NA,NA
NA,NA
NA,NA
NA,NA
NA,NA
NA,NA
NA,NA
NA,NA
NA,NA
NA,NA
NA,NA
NA,NA
NA,NA
NA,NA
NA,NA
NA,NA
NA,NA
NA,NA
NA,NA
NA,NA
NA,NA
NA,NA
NA,NA
NA,NA
NA,NA
NA,NA
NA,NA
NA,NA
NA,NA
NA,NA
NA,NA
NA,NA
NA,NA
NA,NA
NA,NA
NA,NA
NA,NA
NA,NA
NA,NA
NA,NA
NA,NA
NA,NA
NA,NA
NA,NA
NA,NA
NA,NA
NA,NA
NA,NA
NA,NA
NA,NA
NA,NA
NA,NA
NA,NA
NA,NA
NA,NA
NA,NA
NA,NA
NA,NA
NA,NA
NA,NA
NA,NA
NA,NA
NA,NA
NA,NA
NA,NA
NA,NA
NA,NA
NA,NA
NA,NA
NA,NA
NA,NA
NA,NA
NA,NA
NA,NA
NA,NA
NA,NA
NA,NA
NA,NA
NA,NA
NA,NA
NA,NA
NA,NA
NA,NA
NA,NA
NA,NA
NA,NA
NA,NA
NA,NA
NA,NA
NA,NA
NA,NA
NA,NA
NA,NA
NA,NA
NA,NA
NA,NA
NA,NA
NA,NA
NA,NA
NA,NA
NA,NA
NA,NA
NA,NA
NA,NA
NA,NA
NA,NA
NA,NA
NA,NA
NA,NA
NA,NA
NA,NA
NA,NA
NA,NA
NA,NA
NA,NA
NA,NA
NA,NA
659785.353535354,6041183.33333333
NA,NA
NA,NA
NA,NA
NA,NA
NA,NA
NA,NA
NA,NA
NA,NA
NA,NA
NA,NA
NA,NA
NA,NA
NA,NA
NA,NA
NA,NA
NA,NA
668371.212121212,6041183.33333333
NA,NA
NA,NA
NA,NA
NA,NA
NA,NA
NA,NA
NA,NA
672411.616161616,6041183.33333333
NA,NA
NA,NA
NA,NA
NA,NA
NA,NA
NA,NA
675946.96969697,6041183.33333333
NA,NA
NA,NA
NA,NA
NA,NA
678472.222222222,6041183.33333333
NA,NA
NA,NA
NA,NA
680492.424242424,6041183.33333333
NA,NA
NA,NA
NA,NA
NA,NA
NA,NA
NA,NA
NA,NA
NA,NA
NA,NA
NA,NA
686047.97979798,6041183.33333333
NA,NA
NA,NA
NA,NA
688068.181818182,6041183.33333333
NA,NA
NA,NA
NA,NA
NA,NA
NA,NA
NA,NA
NA,NA
692108.585858586,6041183.33333333
NA,NA
NA,NA
693623.737373737,6041183.33333333
NA,NA
NA,NA
NA,NA
NA,NA
696148.98989899,6041183.33333333
NA,NA
NA,NA
NA,NA
698169.191919192,6041183.33333333
NA,NA
NA,NA
NA,NA
700189.393939394,6041183.33333333
NA,NA
NA,NA
701704.545454545,6041183.33333333
NA,NA
NA,NA
NA,NA
NA,NA
704229.797979798,6041183.33333333
NA,NA
NA,NA
NA,NA
NA,NA
NA,NA
NA,NA
NA,NA
NA,NA
NA,NA
NA,NA
NA,NA
NA,NA
NA,NA
NA,NA
NA,NA
NA,NA
NA,NA
NA,NA
NA,NA
NA,NA
NA,NA
NA,NA
NA,NA
NA,NA
NA,NA
NA,NA
NA,NA
NA,NA
NA,NA
NA,NA
NA,NA
NA,NA
NA,NA
NA,NA
NA,NA
NA,NA
NA,NA
NA,NA
NA,NA
NA,NA
NA,NA
NA,NA
NA,NA
NA,NA
NA,NA
NA,NA
NA,NA
NA,NA
NA,NA
NA,NA
NA,NA
NA,NA
NA,NA
NA,NA
NA,NA
NA,NA
NA,NA
NA,NA
NA,NA
NA,NA
NA,NA
NA,NA
NA,NA
NA,NA
NA,NA
NA,NA
NA,NA
NA,NA
NA,NA
NA,NA
NA,NA
NA,NA
NA,NA
NA,NA
NA,NA
NA,NA
NA,NA
NA,NA
NA,NA
NA,NA
NA,NA
NA,NA
NA,NA
NA,NA
NA,NA
NA,NA
NA,NA
NA,NA
NA,NA
NA,NA
NA,NA
NA,NA
NA,NA
NA,NA
NA,NA
NA,NA
NA,NA
NA,NA
NA,NA
NA,NA
NA,NA
NA,NA
NA,NA
NA,NA
NA,NA
NA,NA
NA,NA
NA,NA
NA,NA
NA,NA
NA,NA
NA,NA
NA,NA
NA,NA
NA,NA
NA,NA
662310.606060606,6041716.66666667
NA,NA
NA,NA
663825.757575758,6041716.66666667
NA,NA
NA,NA
NA,NA
NA,NA
666351.01010101,6041716.66666667
NA,NA
NA,NA
NA,NA
NA,NA
NA,NA
NA,NA
NA,NA
NA,NA
NA,NA
NA,NA
NA,NA
NA,NA
NA,NA
NA,NA
NA,NA
674431.818181818,6041716.66666667
NA,NA
NA,NA
NA,NA
NA,NA
NA,NA
NA,NA
NA,NA
NA,NA
NA,NA
NA,NA
NA,NA
NA,NA
NA,NA
NA,NA
682007.575757576,6041716.66666667
NA,NA
NA,NA
NA,NA
684027.777777778,6041716.66666667
NA,NA
NA,NA
NA,NA
NA,NA
NA,NA
NA,NA
NA,NA
NA,NA
NA,NA
NA,NA
NA,NA
NA,NA
NA,NA
NA,NA
NA,NA
NA,NA
NA,NA
NA,NA
NA,NA
NA,NA
NA,NA
NA,NA
NA,NA
NA,NA
NA,NA
NA,NA
NA,NA
NA,NA
NA,NA
NA,NA
NA,NA
NA,NA
NA,NA
NA,NA
NA,NA
NA,NA
NA,NA
NA,NA
NA,NA
NA,NA
NA,NA
NA,NA
NA,NA
706250,6041716.66666667
NA,NA
NA,NA
NA,NA
NA,NA
NA,NA
NA,NA
NA,NA
NA,NA
NA,NA
NA,NA
NA,NA
NA,NA
NA,NA
NA,NA
NA,NA
NA,NA
NA,NA
NA,NA
NA,NA
NA,NA
NA,NA
NA,NA
NA,NA
NA,NA
NA,NA
NA,NA
NA,NA
NA,NA
NA,NA
NA,NA
NA,NA
NA,NA
NA,NA
NA,NA
NA,NA
NA,NA
NA,NA
NA,NA
NA,NA
NA,NA
NA,NA
NA,NA
NA,NA
NA,NA
NA,NA
NA,NA
NA,NA
NA,NA
NA,NA
NA,NA
NA,NA
NA,NA
NA,NA
NA,NA
NA,NA
NA,NA
NA,NA
NA,NA
NA,NA
NA,NA
NA,NA
NA,NA
NA,NA
NA,NA
NA,NA
NA,NA
NA,NA
NA,NA
NA,NA
NA,NA
NA,NA
NA,NA
NA,NA
NA,NA
NA,NA
NA,NA
NA,NA
NA,NA
NA,NA
NA,NA
NA,NA
NA,NA
NA,NA
NA,NA
NA,NA
NA,NA
NA,NA
NA,NA
NA,NA
NA,NA
NA,NA
NA,NA
NA,NA
NA,NA
NA,NA
NA,NA
NA,NA
NA,NA
NA,NA
NA,NA
NA,NA
NA,NA
NA,NA
NA,NA
NA,NA
NA,NA
NA,NA
NA,NA
NA,NA
NA,NA
NA,NA
NA,NA
NA,NA
NA,NA
NA,NA
NA,NA
NA,NA
NA,NA
NA,NA
NA,NA
NA,NA
NA,NA
NA,NA
NA,NA
NA,NA
NA,NA
NA,NA
NA,NA
670391.414141414,6042250
NA,NA
NA,NA
NA,NA
NA,NA
NA,NA
NA,NA
NA,NA
NA,NA
NA,NA
NA,NA
NA,NA
NA,NA
NA,NA
NA,NA
NA,NA
NA,NA
NA,NA
NA,NA
NA,NA
NA,NA
NA,NA
NA,NA
NA,NA
NA,NA
NA,NA
NA,NA
NA,NA
NA,NA
NA,NA
NA,NA
NA,NA
NA,NA
NA,NA
NA,NA
NA,NA
NA,NA
NA,NA
689583.333333333,6042250
NA,NA
NA,NA
NA,NA
NA,NA
NA,NA
NA,NA
NA,NA
693623.737373737,6042250
NA,NA
NA,NA
NA,NA
NA,NA
696148.98989899,6042250
NA,NA
NA,NA
NA,NA
NA,NA
NA,NA
NA,NA
NA,NA
NA,NA
NA,NA
NA,NA
NA,NA
NA,NA
NA,NA
NA,NA
NA,NA
NA,NA
NA,NA
NA,NA
NA,NA
NA,NA
NA,NA
NA,NA
NA,NA
NA,NA
NA,NA
NA,NA
NA,NA
NA,NA
NA,NA
NA,NA
NA,NA
NA,NA
NA,NA
NA,NA
NA,NA
NA,NA
NA,NA
NA,NA
NA,NA
NA,NA
NA,NA
NA,NA
NA,NA
NA,NA
NA,NA
NA,NA
NA,NA
NA,NA
NA,NA
NA,NA
NA,NA
NA,NA
NA,NA
NA,NA
NA,NA
NA,NA
NA,NA
NA,NA
NA,NA
NA,NA
NA,NA
NA,NA
NA,NA
NA,NA
NA,NA
NA,NA
NA,NA
NA,NA
NA,NA
NA,NA
NA,NA
NA,NA
NA,NA
NA,NA
NA,NA
NA,NA
NA,NA
NA,NA
NA,NA
NA,NA
NA,NA
NA,NA
NA,NA
NA,NA
NA,NA
NA,NA
NA,NA
NA,NA
NA,NA
NA,NA
NA,NA
NA,NA
NA,NA
NA,NA
NA,NA
NA,NA
NA,NA
NA,NA
NA,NA
NA,NA
NA,NA
NA,NA
NA,NA
NA,NA
NA,NA
NA,NA
NA,NA
NA,NA
NA,NA
NA,NA
NA,NA
NA,NA
NA,NA
NA,NA
NA,NA
NA,NA
NA,NA
NA,NA
NA,NA
NA,NA
NA,NA
NA,NA
NA,NA
NA,NA
658270.202020202,6042783.33333333
NA,NA
NA,NA
659785.353535354,6042783.33333333
NA,NA
NA,NA
NA,NA
NA,NA
NA,NA
NA,NA
NA,NA
NA,NA
NA,NA
NA,NA
NA,NA
NA,NA
NA,NA
NA,NA
NA,NA
NA,NA
668371.212121212,6042783.33333333
NA,NA
NA,NA
NA,NA
NA,NA
NA,NA
NA,NA
NA,NA
672411.616161616,6042783.33333333
NA,NA
NA,NA
NA,NA
674431.818181818,6042783.33333333
NA,NA
NA,NA
675946.96969697,6042783.33333333
NA,NA
NA,NA
NA,NA
NA,NA
678472.222222222,6042783.33333333
NA,NA
NA,NA
NA,NA
680492.424242424,6042783.33333333
NA,NA
NA,NA
NA,NA
NA,NA
NA,NA
NA,NA
NA,NA
NA,NA
NA,NA
NA,NA
686047.97979798,6042783.33333333
NA,NA
NA,NA
NA,NA
688068.181818182,6042783.33333333
NA,NA
NA,NA
NA,NA
NA,NA
NA,NA
NA,NA
NA,NA
692108.585858586,6042783.33333333
NA,NA
NA,NA
NA,NA
NA,NA
NA,NA
NA,NA
NA,NA
NA,NA
NA,NA
NA,NA
NA,NA
698169.191919192,6042783.33333333
NA,NA
NA,NA
NA,NA
700189.393939394,6042783.33333333
NA,NA
NA,NA
701704.545454545,6042783.33333333
NA,NA
NA,NA
NA,NA
NA,NA
704229.797979798,6042783.33333333
NA,NA
NA,NA
NA,NA
NA,NA
NA,NA
NA,NA
NA,NA
NA,NA
NA,NA
NA,NA
NA,NA
NA,NA
NA,NA
NA,NA
NA,NA
NA,NA
NA,NA
NA,NA
NA,NA
NA,NA
NA,NA
NA,NA
NA,NA
NA,NA
NA,NA
NA,NA
NA,NA
NA,NA
NA,NA
NA,NA
NA,NA
NA,NA
NA,NA
NA,NA
NA,NA
NA,NA
NA,NA
NA,NA
NA,NA
NA,NA
NA,NA
NA,NA
NA,NA
NA,NA
NA,NA
NA,NA
NA,NA
NA,NA
NA,NA
NA,NA
NA,NA
NA,NA
NA,NA
NA,NA
NA,NA
NA,NA
NA,NA
NA,NA
NA,NA
NA,NA
NA,NA
NA,NA
NA,NA
NA,NA
NA,NA
NA,NA
NA,NA
NA,NA
NA,NA
NA,NA
NA,NA
NA,NA
NA,NA
NA,NA
NA,NA
NA,NA
NA,NA
NA,NA
NA,NA
NA,NA
NA,NA
NA,NA
NA,NA
NA,NA
NA,NA
NA,NA
NA,NA
NA,NA
NA,NA
NA,NA
NA,NA
NA,NA
NA,NA
NA,NA
NA,NA
NA,NA
NA,NA
NA,NA
NA,NA
NA,NA
NA,NA
NA,NA
NA,NA
NA,NA
NA,NA
NA,NA
NA,NA
NA,NA
NA,NA
NA,NA
NA,NA
NA,NA
NA,NA
NA,NA
NA,NA
NA,NA
662310.606060606,6043316.66666667
NA,NA
NA,NA
663825.757575758,6043316.66666667
NA,NA
NA,NA
NA,NA
NA,NA
666351.01010101,6043316.66666667
NA,NA
NA,NA
NA,NA
NA,NA
NA,NA
NA,NA
NA,NA
NA,NA
NA,NA
NA,NA
NA,NA
NA,NA
NA,NA
NA,NA
NA,NA
NA,NA
NA,NA
NA,NA
NA,NA
NA,NA
NA,NA
NA,NA
NA,NA
NA,NA
NA,NA
NA,NA
NA,NA
NA,NA
NA,NA
NA,NA
682007.575757576,6043316.66666667
NA,NA
NA,NA
NA,NA
684027.777777778,6043316.66666667
NA,NA
NA,NA
NA,NA
NA,NA
NA,NA
NA,NA
NA,NA
NA,NA
NA,NA
NA,NA
NA,NA
NA,NA
NA,NA
NA,NA
NA,NA
NA,NA
NA,NA
NA,NA
NA,NA
NA,NA
NA,NA
NA,NA
NA,NA
NA,NA
NA,NA
NA,NA
NA,NA
NA,NA
NA,NA
NA,NA
NA,NA
NA,NA
NA,NA
NA,NA
NA,NA
NA,NA
NA,NA
NA,NA
NA,NA
NA,NA
NA,NA
NA,NA
NA,NA
706250,6043316.66666667
NA,NA
NA,NA
NA,NA
NA,NA
NA,NA
NA,NA
NA,NA
NA,NA
NA,NA
NA,NA
NA,NA
NA,NA
NA,NA
NA,NA
NA,NA
NA,NA
NA,NA
NA,NA
NA,NA
NA,NA
NA,NA
NA,NA
NA,NA
NA,NA
NA,NA
NA,NA
NA,NA
NA,NA
NA,NA
NA,NA
NA,NA
NA,NA
NA,NA
NA,NA
NA,NA
NA,NA
NA,NA
NA,NA
NA,NA
NA,NA
NA,NA
NA,NA
NA,NA
NA,NA
NA,NA
NA,NA
NA,NA
NA,NA
NA,NA
NA,NA
NA,NA
NA,NA
NA,NA
NA,NA
NA,NA
NA,NA
NA,NA
NA,NA
NA,NA
NA,NA
NA,NA
NA,NA
NA,NA
NA,NA
NA,NA
NA,NA
NA,NA
NA,NA
NA,NA
NA,NA
NA,NA
NA,NA
NA,NA
NA,NA
NA,NA
NA,NA
NA,NA
NA,NA
NA,NA
NA,NA
NA,NA
NA,NA
NA,NA
NA,NA
NA,NA
NA,NA
NA,NA
NA,NA
NA,NA
NA,NA
NA,NA
NA,NA
NA,NA
NA,NA
NA,NA
NA,NA
NA,NA
NA,NA
NA,NA
NA,NA
NA,NA
NA,NA
NA,NA
NA,NA
NA,NA
NA,NA
NA,NA
NA,NA
NA,NA
NA,NA
NA,NA
NA,NA
NA,NA
NA,NA
NA,NA
NA,NA
NA,NA
NA,NA
NA,NA
NA,NA
NA,NA
NA,NA
NA,NA
NA,NA
NA,NA
NA,NA
NA,NA
NA,NA
670391.414141414,6043850
NA,NA
NA,NA
NA,NA
NA,NA
NA,NA
NA,NA
NA,NA
NA,NA
NA,NA
NA,NA
NA,NA
NA,NA
NA,NA
NA,NA
NA,NA
NA,NA
NA,NA
NA,NA
NA,NA
NA,NA
NA,NA
NA,NA
NA,NA
NA,NA
NA,NA
NA,NA
NA,NA
NA,NA
NA,NA
NA,NA
NA,NA
NA,NA
NA,NA
NA,NA
NA,NA
NA,NA
NA,NA
689583.333333333,6043850
NA,NA
NA,NA
NA,NA
NA,NA
NA,NA
NA,NA
NA,NA
693623.737373737,6043850
NA,NA
NA,NA
NA,NA
NA,NA
696148.98989899,6043850
NA,NA
NA,NA
NA,NA
NA,NA
NA,NA
NA,NA
NA,NA
700189.393939394,6043850
NA,NA
NA,NA
NA,NA
NA,NA
NA,NA
NA,NA
NA,NA
704229.797979798,6043850
NA,NA
NA,NA
NA,NA
NA,NA
NA,NA
NA,NA
NA,NA
NA,NA
658270.202020202,6044116.66666667
NA,NA
NA,NA
659785.353535354,6044116.66666667
NA,NA
NA,NA
NA,NA
NA,NA
NA,NA
NA,NA
NA,NA
NA,NA
NA,NA
NA,NA
NA,NA
NA,NA
NA,NA
NA,NA
NA,NA
NA,NA
668371.212121212,6044116.66666667
NA,NA
NA,NA
NA,NA
NA,NA
NA,NA
NA,NA
NA,NA
672411.616161616,6044116.66666667
NA,NA
NA,NA
NA,NA
674431.818181818,6044116.66666667
NA,NA
NA,NA
NA,NA
NA,NA
NA,NA
NA,NA
NA,NA
678472.222222222,6044116.66666667
NA,NA
NA,NA
NA,NA
680492.424242424,6044116.66666667
NA,NA
NA,NA
NA,NA
NA,NA
NA,NA
NA,NA
NA,NA
NA,NA
NA,NA
NA,NA
686047.97979798,6044116.66666667
NA,NA
NA,NA
NA,NA
688068.181818182,6044116.66666667
NA,NA
NA,NA
NA,NA
NA,NA
NA,NA
NA,NA
NA,NA
692108.585858586,6044116.66666667
NA,NA
NA,NA
NA,NA
NA,NA
NA,NA
NA,NA
NA,NA
NA,NA
NA,NA
NA,NA
NA,NA
698169.191919192,6044116.66666667
NA,NA
NA,NA
NA,NA
NA,NA
NA,NA
NA,NA
NA,NA
NA,NA
NA,NA
NA,NA
NA,NA
NA,NA
NA,NA
NA,NA
NA,NA
NA,NA
NA,NA
NA,NA
NA,NA
NA,NA
NA,NA
NA,NA
NA,NA
NA,NA
NA,NA
NA,NA
NA,NA
NA,NA
NA,NA
NA,NA
NA,NA
NA,NA
NA,NA
NA,NA
NA,NA
NA,NA
NA,NA
NA,NA
NA,NA
NA,NA
NA,NA
NA,NA
NA,NA
NA,NA
NA,NA
NA,NA
NA,NA
NA,NA
NA,NA
NA,NA
NA,NA
NA,NA
NA,NA
NA,NA
NA,NA
NA,NA
NA,NA
NA,NA
NA,NA
NA,NA
NA,NA
NA,NA
NA,NA
NA,NA
NA,NA
NA,NA
NA,NA
NA,NA
NA,NA
NA,NA
NA,NA
NA,NA
NA,NA
NA,NA
NA,NA
NA,NA
NA,NA
NA,NA
NA,NA
NA,NA
NA,NA
NA,NA
NA,NA
NA,NA
NA,NA
NA,NA
NA,NA
NA,NA
NA,NA
NA,NA
NA,NA
NA,NA
NA,NA
NA,NA
NA,NA
NA,NA
NA,NA
NA,NA
NA,NA
NA,NA
NA,NA
NA,NA
NA,NA
NA,NA
NA,NA
NA,NA
NA,NA
NA,NA
NA,NA
NA,NA
NA,NA
NA,NA
NA,NA
NA,NA
NA,NA
NA,NA
656250,6044650
NA,NA
NA,NA
NA,NA
NA,NA
NA,NA
NA,NA
NA,NA
NA,NA
NA,NA
NA,NA
NA,NA
NA,NA
NA,NA
NA,NA
663825.757575758,6044650
NA,NA
NA,NA
NA,NA
NA,NA
666351.01010101,6044650
NA,NA
NA,NA
NA,NA
NA,NA
NA,NA
NA,NA
NA,NA
NA,NA
NA,NA
NA,NA
NA,NA
NA,NA
NA,NA
NA,NA
NA,NA
NA,NA
NA,NA
NA,NA
675946.96969697,6044650
NA,NA
NA,NA
NA,NA
NA,NA
NA,NA
NA,NA
NA,NA
NA,NA
NA,NA
NA,NA
NA,NA
682007.575757576,6044650
NA,NA
NA,NA
NA,NA
684027.777777778,6044650
NA,NA
NA,NA
NA,NA
NA,NA
NA,NA
NA,NA
NA,NA
NA,NA
NA,NA
NA,NA
NA,NA
NA,NA
NA,NA
NA,NA
NA,NA
NA,NA
NA,NA
NA,NA
NA,NA
NA,NA
NA,NA
NA,NA
NA,NA
NA,NA
NA,NA
NA,NA
NA,NA
NA,NA
NA,NA
NA,NA
NA,NA
NA,NA
NA,NA
NA,NA
701704.545454545,6044650
NA,NA
NA,NA
NA,NA
NA,NA
NA,NA
NA,NA
NA,NA
NA,NA
706250,6044650
NA,NA
NA,NA
NA,NA
NA,NA
NA,NA
NA,NA
NA,NA
NA,NA
NA,NA
NA,NA
NA,NA
NA,NA
NA,NA
NA,NA
NA,NA
NA,NA
NA,NA
NA,NA
NA,NA
NA,NA
NA,NA
NA,NA
NA,NA
NA,NA
NA,NA
NA,NA
NA,NA
NA,NA
NA,NA
NA,NA
NA,NA
NA,NA
NA,NA
NA,NA
NA,NA
NA,NA
NA,NA
NA,NA
NA,NA
NA,NA
NA,NA
NA,NA
NA,NA
NA,NA
NA,NA
NA,NA
NA,NA
NA,NA
NA,NA
NA,NA
NA,NA
NA,NA
NA,NA
NA,NA
NA,NA
NA,NA
NA,NA
NA,NA
NA,NA
NA,NA
NA,NA
NA,NA
NA,NA
NA,NA
NA,NA
NA,NA
NA,NA
NA,NA
NA,NA
NA,NA
NA,NA
NA,NA
NA,NA
NA,NA
NA,NA
NA,NA
NA,NA
NA,NA
NA,NA
NA,NA
NA,NA
NA,NA
NA,NA
NA,NA
NA,NA
NA,NA
NA,NA
NA,NA
NA,NA
NA,NA
NA,NA
NA,NA
NA,NA
NA,NA
NA,NA
NA,NA
NA,NA
NA,NA
NA,NA
NA,NA
NA,NA
NA,NA
NA,NA
NA,NA
NA,NA
NA,NA
NA,NA
659785.353535354,6045183.33333333
NA,NA
NA,NA
NA,NA
NA,NA
662310.606060606,6045183.33333333
NA,NA
NA,NA
NA,NA
NA,NA
NA,NA
NA,NA
NA,NA
NA,NA
NA,NA
NA,NA
NA,NA
NA,NA
NA,NA
NA,NA
NA,NA
670391.414141414,6045183.33333333
NA,NA
NA,NA
NA,NA
NA,NA
NA,NA
NA,NA
NA,NA
674431.818181818,6045183.33333333
NA,NA
NA,NA
NA,NA
NA,NA
NA,NA
NA,NA
NA,NA
678472.222222222,6045183.33333333
NA,NA
NA,NA
NA,NA
NA,NA
NA,NA
NA,NA
NA,NA
NA,NA
NA,NA
NA,NA
NA,NA
NA,NA
NA,NA
NA,NA
NA,NA
NA,NA
NA,NA
NA,NA
NA,NA
NA,NA
NA,NA
689583.333333333,6045183.33333333
NA,NA
NA,NA
NA,NA
NA,NA
692108.585858586,6045183.33333333
NA,NA
NA,NA
NA,NA
NA,NA
NA,NA
NA,NA
NA,NA
696148.98989899,6045183.33333333
NA,NA
NA,NA
NA,NA
NA,NA
NA,NA
NA,NA
NA,NA
700189.393939394,6045183.33333333
NA,NA
NA,NA
NA,NA
NA,NA
NA,NA
NA,NA
NA,NA
704229.797979798,6045183.33333333
NA,NA
NA,NA
NA,NA
NA,NA
NA,NA
NA,NA
NA,NA
NA,NA
NA,NA
NA,NA
NA,NA
NA,NA
NA,NA
NA,NA
NA,NA
NA,NA
NA,NA
NA,NA
NA,NA
NA,NA
NA,NA
NA,NA
NA,NA
NA,NA
NA,NA
NA,NA
NA,NA
NA,NA
NA,NA
NA,NA
NA,NA
NA,NA
NA,NA
NA,NA
NA,NA
NA,NA
NA,NA
NA,NA
NA,NA
NA,NA
NA,NA
NA,NA
NA,NA
NA,NA
NA,NA
NA,NA
NA,NA
NA,NA
NA,NA
NA,NA
NA,NA
NA,NA
NA,NA
NA,NA
NA,NA
NA,NA
NA,NA
NA,NA
NA,NA
NA,NA
NA,NA
NA,NA
NA,NA
NA,NA
NA,NA
NA,NA
NA,NA
NA,NA
NA,NA
NA,NA
NA,NA
NA,NA
NA,NA
NA,NA
NA,NA
NA,NA
NA,NA
NA,NA
NA,NA
NA,NA
NA,NA
NA,NA
NA,NA
NA,NA
NA,NA
NA,NA
NA,NA
NA,NA
NA,NA
NA,NA
NA,NA
NA,NA
NA,NA
NA,NA
NA,NA
NA,NA
NA,NA
NA,NA
NA,NA
NA,NA
NA,NA
NA,NA
NA,NA
NA,NA
NA,NA
NA,NA
NA,NA
NA,NA
658270.202020202,6045716.66666667
NA,NA
NA,NA
NA,NA
NA,NA
NA,NA
NA,NA
NA,NA
NA,NA
NA,NA
NA,NA
NA,NA
NA,NA
NA,NA
NA,NA
NA,NA
NA,NA
NA,NA
NA,NA
NA,NA
668371.212121212,6045716.66666667
NA,NA
NA,NA
NA,NA
NA,NA
NA,NA
NA,NA
NA,NA
672411.616161616,6045716.66666667
NA,NA
NA,NA
NA,NA
NA,NA
NA,NA
NA,NA
NA,NA
NA,NA
NA,NA
NA,NA
NA,NA
NA,NA
NA,NA
NA,NA
NA,NA
680492.424242424,6045716.66666667
NA,NA
NA,NA
NA,NA
NA,NA
NA,NA
NA,NA
NA,NA
NA,NA
NA,NA
NA,NA
686047.97979798,6045716.66666667
NA,NA
NA,NA
NA,NA
688068.181818182,6045716.66666667
NA,NA
NA,NA
NA,NA
NA,NA
NA,NA
NA,NA
NA,NA
NA,NA
NA,NA
NA,NA
693623.737373737,6045716.66666667
NA,NA
NA,NA
NA,NA
NA,NA
NA,NA
NA,NA
NA,NA
NA,NA
698169.191919192,6045716.66666667
NA,NA
NA,NA
NA,NA
NA,NA
NA,NA
NA,NA
NA,NA
NA,NA
NA,NA
NA,NA
NA,NA
NA,NA
NA,NA
NA,NA
NA,NA
NA,NA
NA,NA
NA,NA
NA,NA
NA,NA
NA,NA
NA,NA
NA,NA
NA,NA
NA,NA
NA,NA
NA,NA
NA,NA
NA,NA
NA,NA
NA,NA
NA,NA
NA,NA
NA,NA
NA,NA
NA,NA
NA,NA
NA,NA
NA,NA
NA,NA
NA,NA
NA,NA
NA,NA
NA,NA
NA,NA
NA,NA
NA,NA
NA,NA
NA,NA
NA,NA
NA,NA
NA,NA
NA,NA
NA,NA
NA,NA
NA,NA
NA,NA
NA,NA
NA,NA
NA,NA
NA,NA
NA,NA
NA,NA
NA,NA
NA,NA
NA,NA
NA,NA
NA,NA
NA,NA
NA,NA
NA,NA
NA,NA
NA,NA
NA,NA
NA,NA
NA,NA
NA,NA
NA,NA
NA,NA
NA,NA
NA,NA
NA,NA
NA,NA
NA,NA
NA,NA
NA,NA
NA,NA
NA,NA
NA,NA
NA,NA
NA,NA
NA,NA
NA,NA
NA,NA
NA,NA
NA,NA
NA,NA
NA,NA
NA,NA
NA,NA
NA,NA
NA,NA
NA,NA
NA,NA
NA,NA
NA,NA
NA,NA
NA,NA
NA,NA
NA,NA
NA,NA
NA,NA
NA,NA
NA,NA
NA,NA
NA,NA
656250,6046250
NA,NA
NA,NA
NA,NA
NA,NA
NA,NA
NA,NA
NA,NA
NA,NA
NA,NA
NA,NA
NA,NA
NA,NA
NA,NA
NA,NA
663825.757575758,6046250
NA,NA
NA,NA
NA,NA
NA,NA
666351.01010101,6046250
NA,NA
NA,NA
NA,NA
NA,NA
NA,NA
NA,NA
NA,NA
NA,NA
NA,NA
NA,NA
NA,NA
NA,NA
NA,NA
NA,NA
NA,NA
NA,NA
NA,NA
NA,NA
675946.96969697,6046250
NA,NA
NA,NA
NA,NA
NA,NA
NA,NA
NA,NA
NA,NA
NA,NA
NA,NA
NA,NA
NA,NA
682007.575757576,6046250
NA,NA
NA,NA
NA,NA
684027.777777778,6046250
NA,NA
NA,NA
NA,NA
NA,NA
NA,NA
NA,NA
NA,NA
NA,NA
NA,NA
NA,NA
NA,NA
NA,NA
NA,NA
NA,NA
NA,NA
NA,NA
NA,NA
NA,NA
NA,NA
NA,NA
NA,NA
NA,NA
NA,NA
NA,NA
NA,NA
NA,NA
NA,NA
NA,NA
NA,NA
NA,NA
NA,NA
700189.393939394,6046250
NA,NA
NA,NA
701704.545454545,6046250
NA,NA
NA,NA
NA,NA
NA,NA
NA,NA
NA,NA
NA,NA
NA,NA
706250,6046250
NA,NA
NA,NA
NA,NA
NA,NA
NA,NA
NA,NA
NA,NA
NA,NA
NA,NA
NA,NA
NA,NA
NA,NA
NA,NA
NA,NA
NA,NA
NA,NA
NA,NA
NA,NA
NA,NA
NA,NA
NA,NA
NA,NA
NA,NA
NA,NA
NA,NA
NA,NA
NA,NA
NA,NA
NA,NA
NA,NA
NA,NA
NA,NA
NA,NA
NA,NA
NA,NA
NA,NA
NA,NA
NA,NA
NA,NA
NA,NA
NA,NA
NA,NA
NA,NA
NA,NA
NA,NA
NA,NA
NA,NA
NA,NA
NA,NA
NA,NA
NA,NA
NA,NA
NA,NA
NA,NA
NA,NA
NA,NA
NA,NA
NA,NA
NA,NA
NA,NA
NA,NA
NA,NA
NA,NA
NA,NA
NA,NA
NA,NA
NA,NA
NA,NA
NA,NA
NA,NA
NA,NA
NA,NA
NA,NA
NA,NA
NA,NA
NA,NA
NA,NA
NA,NA
NA,NA
NA,NA
NA,NA
NA,NA
NA,NA
NA,NA
NA,NA
NA,NA
NA,NA
NA,NA
NA,NA
NA,NA
NA,NA
NA,NA
NA,NA
NA,NA
NA,NA
NA,NA
NA,NA
NA,NA
NA,NA
NA,NA
NA,NA
NA,NA
NA,NA
NA,NA
NA,NA
NA,NA
NA,NA
659785.353535354,6046783.33333333
NA,NA
NA,NA
NA,NA
NA,NA
662310.606060606,6046783.33333333
NA,NA
NA,NA
NA,NA
NA,NA
NA,NA
NA,NA
NA,NA
NA,NA
NA,NA
NA,NA
NA,NA
NA,NA
NA,NA
NA,NA
NA,NA
670391.414141414,6046783.33333333
NA,NA
NA,NA
NA,NA
672411.616161616,6046783.33333333
NA,NA
NA,NA
NA,NA
674431.818181818,6046783.33333333
NA,NA
NA,NA
NA,NA
NA,NA
NA,NA
NA,NA
NA,NA
678472.222222222,6046783.33333333
NA,NA
NA,NA
NA,NA
680492.424242424,6046783.33333333
NA,NA
NA,NA
NA,NA
NA,NA
NA,NA
NA,NA
NA,NA
NA,NA
NA,NA
NA,NA
NA,NA
NA,NA
NA,NA
NA,NA
NA,NA
NA,NA
NA,NA
689583.333333333,6046783.33333333
NA,NA
NA,NA
NA,NA
NA,NA
692108.585858586,6046783.33333333
NA,NA
NA,NA
NA,NA
NA,NA
NA,NA
NA,NA
NA,NA
696148.98989899,6046783.33333333
NA,NA
NA,NA
NA,NA
698169.191919192,6046783.33333333
NA,NA
NA,NA
NA,NA
NA,NA
NA,NA
NA,NA
NA,NA
NA,NA
NA,NA
NA,NA
NA,NA
704229.797979798,6046783.33333333
NA,NA
NA,NA
NA,NA
NA,NA
NA,NA
NA,NA
NA,NA
NA,NA
NA,NA
NA,NA
NA,NA
NA,NA
NA,NA
NA,NA
NA,NA
NA,NA
NA,NA
NA,NA
NA,NA
NA,NA
NA,NA
NA,NA
NA,NA
NA,NA
NA,NA
NA,NA
NA,NA
NA,NA
NA,NA
NA,NA
NA,NA
NA,NA
NA,NA
NA,NA
NA,NA
NA,NA
NA,NA
NA,NA
NA,NA
NA,NA
NA,NA
NA,NA
NA,NA
NA,NA
NA,NA
NA,NA
NA,NA
NA,NA
NA,NA
NA,NA
NA,NA
NA,NA
NA,NA
NA,NA
NA,NA
NA,NA
NA,NA
NA,NA
NA,NA
NA,NA
NA,NA
NA,NA
NA,NA
NA,NA
NA,NA
NA,NA
NA,NA
NA,NA
NA,NA
NA,NA
NA,NA
NA,NA
NA,NA
NA,NA
NA,NA
NA,NA
NA,NA
NA,NA
NA,NA
NA,NA
NA,NA
NA,NA
NA,NA
NA,NA
NA,NA
NA,NA
NA,NA
NA,NA
NA,NA
NA,NA
NA,NA
NA,NA
NA,NA
NA,NA
NA,NA
NA,NA
NA,NA
NA,NA
NA,NA
NA,NA
NA,NA
NA,NA
NA,NA
NA,NA
NA,NA
NA,NA
NA,NA
NA,NA
658270.202020202,6047316.66666667
NA,NA
NA,NA
NA,NA
NA,NA
NA,NA
NA,NA
NA,NA
NA,NA
NA,NA
NA,NA
NA,NA
NA,NA
NA,NA
NA,NA
NA,NA
NA,NA
NA,NA
NA,NA
NA,NA
668371.212121212,6047316.66666667
NA,NA
NA,NA
NA,NA
NA,NA
NA,NA
NA,NA
NA,NA
NA,NA
NA,NA
NA,NA
NA,NA
NA,NA
NA,NA
NA,NA
NA,NA
NA,NA
NA,NA
NA,NA
NA,NA
NA,NA
NA,NA
NA,NA
NA,NA
NA,NA
NA,NA
NA,NA
NA,NA
NA,NA
NA,NA
NA,NA
NA,NA
NA,NA
NA,NA
NA,NA
686047.97979798,6047316.66666667
NA,NA
NA,NA
NA,NA
688068.181818182,6047316.66666667
NA,NA
NA,NA
NA,NA
NA,NA
NA,NA
NA,NA
NA,NA
NA,NA
NA,NA
NA,NA
693623.737373737,6047316.66666667
NA,NA
NA,NA
NA,NA
NA,NA
NA,NA
NA,NA
NA,NA
NA,NA
NA,NA
NA,NA
NA,NA
NA,NA
NA,NA
NA,NA
NA,NA
NA,NA
NA,NA
NA,NA
NA,NA
NA,NA
NA,NA
NA,NA
NA,NA
NA,NA
NA,NA
NA,NA
NA,NA
NA,NA
NA,NA
NA,NA
NA,NA
NA,NA
NA,NA
NA,NA
NA,NA
NA,NA
NA,NA
NA,NA
NA,NA
NA,NA
NA,NA
NA,NA
NA,NA
NA,NA
NA,NA
NA,NA
NA,NA
NA,NA
NA,NA
NA,NA
NA,NA
NA,NA
NA,NA
NA,NA
NA,NA
NA,NA
NA,NA
NA,NA
NA,NA
NA,NA
NA,NA
NA,NA
NA,NA
NA,NA
NA,NA
NA,NA
NA,NA
NA,NA
NA,NA
NA,NA
NA,NA
NA,NA
NA,NA
NA,NA
NA,NA
NA,NA
NA,NA
NA,NA
NA,NA
NA,NA
NA,NA
NA,NA
NA,NA
NA,NA
NA,NA
NA,NA
NA,NA
NA,NA
NA,NA
NA,NA
NA,NA
NA,NA
NA,NA
NA,NA
NA,NA
NA,NA
NA,NA
NA,NA
NA,NA
NA,NA
NA,NA
NA,NA
NA,NA
NA,NA
NA,NA
NA,NA
NA,NA
NA,NA
NA,NA
NA,NA
NA,NA
NA,NA
NA,NA
NA,NA
NA,NA
NA,NA
NA,NA
NA,NA
NA,NA
NA,NA
NA,NA
NA,NA
NA,NA
NA,NA
NA,NA
656250,6047850
NA,NA
NA,NA
NA,NA
NA,NA
NA,NA
NA,NA
NA,NA
NA,NA
NA,NA
NA,NA
NA,NA
NA,NA
NA,NA
NA,NA
NA,NA
NA,NA
NA,NA
NA,NA
NA,NA
666351.01010101,6047850
NA,NA
NA,NA
NA,NA
NA,NA
NA,NA
NA,NA
NA,NA
NA,NA
NA,NA
NA,NA
NA,NA
672411.616161616,6047850
NA,NA
NA,NA
NA,NA
NA,NA
NA,NA
NA,NA
675946.96969697,6047850
NA,NA
NA,NA
NA,NA
NA,NA
NA,NA
NA,NA
NA,NA
NA,NA
NA,NA
NA,NA
NA,NA
682007.575757576,6047850
NA,NA
NA,NA
NA,NA
684027.777777778,6047850
NA,NA
NA,NA
NA,NA
NA,NA
NA,NA
NA,NA
NA,NA
NA,NA
NA,NA
NA,NA
NA,NA
NA,NA
NA,NA
NA,NA
NA,NA
NA,NA
NA,NA
NA,NA
NA,NA
NA,NA
NA,NA
NA,NA
NA,NA
NA,NA
NA,NA
NA,NA
NA,NA
NA,NA
NA,NA
NA,NA
NA,NA
700189.393939394,6047850
NA,NA
NA,NA
701704.545454545,6047850
NA,NA
NA,NA
NA,NA
NA,NA
NA,NA
NA,NA
NA,NA
NA,NA
706250,6047850
NA,NA
NA,NA
NA,NA
NA,NA
NA,NA
NA,NA
NA,NA
NA,NA
NA,NA
NA,NA
NA,NA
NA,NA
662310.606060606,6048116.66666667
NA,NA
NA,NA
663825.757575758,6048116.66666667
NA,NA
NA,NA
NA,NA
NA,NA
NA,NA
NA,NA
NA,NA
NA,NA
NA,NA
NA,NA
NA,NA
NA,NA
NA,NA
NA,NA
NA,NA
NA,NA
NA,NA
NA,NA
NA,NA
NA,NA
674431.818181818,6048116.66666667
NA,NA
NA,NA
NA,NA
NA,NA
NA,NA
NA,NA
NA,NA
678472.222222222,6048116.66666667
NA,NA
NA,NA
NA,NA
680492.424242424,6048116.66666667
NA,NA
NA,NA
NA,NA
NA,NA
NA,NA
NA,NA
NA,NA
NA,NA
NA,NA
NA,NA
NA,NA
NA,NA
NA,NA
NA,NA
NA,NA
NA,NA
NA,NA
689583.333333333,6048116.66666667
NA,NA
NA,NA
NA,NA
NA,NA
692108.585858586,6048116.66666667
NA,NA
NA,NA
NA,NA
NA,NA
NA,NA
NA,NA
NA,NA
696148.98989899,6048116.66666667
NA,NA
NA,NA
NA,NA
698169.191919192,6048116.66666667
NA,NA
NA,NA
NA,NA
NA,NA
NA,NA
NA,NA
NA,NA
NA,NA
NA,NA
NA,NA
NA,NA
704229.797979798,6048116.66666667
NA,NA
NA,NA
NA,NA
NA,NA
NA,NA
NA,NA
NA,NA
NA,NA
NA,NA
NA,NA
NA,NA
NA,NA
NA,NA
NA,NA
NA,NA
NA,NA
NA,NA
NA,NA
NA,NA
NA,NA
NA,NA
NA,NA
NA,NA
NA,NA
NA,NA
NA,NA
NA,NA
NA,NA
NA,NA
NA,NA
NA,NA
NA,NA
NA,NA
NA,NA
NA,NA
NA,NA
NA,NA
NA,NA
NA,NA
NA,NA
NA,NA
NA,NA
NA,NA
NA,NA
NA,NA
NA,NA
NA,NA
NA,NA
NA,NA
NA,NA
NA,NA
NA,NA
NA,NA
NA,NA
NA,NA
NA,NA
NA,NA
NA,NA
NA,NA
NA,NA
NA,NA
NA,NA
NA,NA
NA,NA
NA,NA
NA,NA
NA,NA
NA,NA
NA,NA
NA,NA
NA,NA
NA,NA
NA,NA
NA,NA
NA,NA
NA,NA
NA,NA
NA,NA
NA,NA
NA,NA
NA,NA
NA,NA
NA,NA
NA,NA
NA,NA
NA,NA
NA,NA
NA,NA
NA,NA
NA,NA
NA,NA
NA,NA
NA,NA
NA,NA
NA,NA
NA,NA
NA,NA
NA,NA
NA,NA
NA,NA
NA,NA
NA,NA
NA,NA
NA,NA
NA,NA
NA,NA
NA,NA
NA,NA
658270.202020202,6048650
NA,NA
NA,NA
659785.353535354,6048650
NA,NA
NA,NA
NA,NA
NA,NA
NA,NA
NA,NA
NA,NA
NA,NA
NA,NA
NA,NA
NA,NA
NA,NA
NA,NA
NA,NA
NA,NA
NA,NA
NA,NA
NA,NA
NA,NA
NA,NA
670391.414141414,6048650
NA,NA
NA,NA
NA,NA
NA,NA
NA,NA
NA,NA
NA,NA
NA,NA
NA,NA
NA,NA
NA,NA
NA,NA
NA,NA
NA,NA
NA,NA
NA,NA
NA,NA
NA,NA
NA,NA
NA,NA
NA,NA
NA,NA
NA,NA
NA,NA
NA,NA
NA,NA
NA,NA
NA,NA
NA,NA
NA,NA
686047.97979798,6048650
NA,NA
NA,NA
NA,NA
688068.181818182,6048650
NA,NA
NA,NA
NA,NA
NA,NA
NA,NA
NA,NA
NA,NA
NA,NA
NA,NA
NA,NA
693623.737373737,6048650
NA,NA
NA,NA
NA,NA
NA,NA
NA,NA
NA,NA
NA,NA
NA,NA
NA,NA
NA,NA
NA,NA
NA,NA
NA,NA
NA,NA
NA,NA
NA,NA
NA,NA
NA,NA
NA,NA
NA,NA
NA,NA
NA,NA
NA,NA
NA,NA
NA,NA
NA,NA
NA,NA
NA,NA
NA,NA
NA,NA
NA,NA
NA,NA
NA,NA
NA,NA
NA,NA
NA,NA
NA,NA
NA,NA
NA,NA
NA,NA
NA,NA
NA,NA
NA,NA
NA,NA
NA,NA
NA,NA
NA,NA
NA,NA
NA,NA
NA,NA
NA,NA
NA,NA
NA,NA
NA,NA
NA,NA
NA,NA
NA,NA
NA,NA
NA,NA
NA,NA
NA,NA
NA,NA
NA,NA
NA,NA
NA,NA
NA,NA
NA,NA
NA,NA
NA,NA
NA,NA
NA,NA
NA,NA
NA,NA
NA,NA
NA,NA
NA,NA
NA,NA
NA,NA
NA,NA
NA,NA
NA,NA
NA,NA
NA,NA
NA,NA
NA,NA
NA,NA
NA,NA
NA,NA
NA,NA
NA,NA
NA,NA
NA,NA
NA,NA
NA,NA
NA,NA
NA,NA
NA,NA
NA,NA
NA,NA
NA,NA
NA,NA
NA,NA
NA,NA
NA,NA
NA,NA
NA,NA
NA,NA
NA,NA
NA,NA
NA,NA
NA,NA
NA,NA
NA,NA
NA,NA
NA,NA
NA,NA
NA,NA
NA,NA
NA,NA
NA,NA
NA,NA
NA,NA
NA,NA
NA,NA
NA,NA
656250,6049183.33333333
NA,NA
NA,NA
NA,NA
NA,NA
NA,NA
NA,NA
NA,NA
NA,NA
NA,NA
NA,NA
NA,NA
NA,NA
NA,NA
NA,NA
NA,NA
NA,NA
NA,NA
NA,NA
NA,NA
666351.01010101,6049183.33333333
NA,NA
NA,NA
NA,NA
668371.212121212,6049183.33333333
NA,NA
NA,NA
NA,NA
NA,NA
NA,NA
NA,NA
NA,NA
672411.616161616,6049183.33333333
NA,NA
NA,NA
NA,NA
NA,NA
NA,NA
NA,NA
675946.96969697,6049183.33333333
NA,NA
NA,NA
NA,NA
NA,NA
678472.222222222,6049183.33333333
NA,NA
NA,NA
NA,NA
680492.424242424,6049183.33333333
NA,NA
NA,NA
NA,NA
NA,NA
NA,NA
NA,NA
684027.777777778,6049183.33333333
NA,NA
NA,NA
NA,NA
NA,NA
NA,NA
NA,NA
NA,NA
NA,NA
NA,NA
NA,NA
NA,NA
NA,NA
NA,NA
NA,NA
NA,NA
692108.585858586,6049183.33333333
NA,NA
NA,NA
NA,NA
NA,NA
NA,NA
NA,NA
NA,NA
NA,NA
NA,NA
NA,NA
NA,NA
NA,NA
NA,NA
NA,NA
NA,NA
700189.393939394,6049183.33333333
NA,NA
NA,NA
701704.545454545,6049183.33333333
NA,NA
NA,NA
NA,NA
NA,NA
NA,NA
NA,NA
NA,NA
NA,NA
706250,6049183.33333333
NA,NA
NA,NA
NA,NA
NA,NA
NA,NA
NA,NA
NA,NA
NA,NA
NA,NA
NA,NA
NA,NA
NA,NA
NA,NA
NA,NA
NA,NA
NA,NA
NA,NA
NA,NA
NA,NA
NA,NA
NA,NA
NA,NA
NA,NA
NA,NA
NA,NA
NA,NA
NA,NA
NA,NA
NA,NA
NA,NA
NA,NA
NA,NA
NA,NA
NA,NA
NA,NA
NA,NA
NA,NA
NA,NA
NA,NA
NA,NA
NA,NA
NA,NA
NA,NA
NA,NA
NA,NA
NA,NA
NA,NA
NA,NA
NA,NA
NA,NA
NA,NA
NA,NA
NA,NA
NA,NA
NA,NA
NA,NA
NA,NA
NA,NA
NA,NA
NA,NA
NA,NA
NA,NA
NA,NA
NA,NA
NA,NA
NA,NA
NA,NA
NA,NA
NA,NA
NA,NA
NA,NA
NA,NA
NA,NA
NA,NA
NA,NA
NA,NA
NA,NA
NA,NA
NA,NA
NA,NA
NA,NA
NA,NA
NA,NA
NA,NA
NA,NA
NA,NA
NA,NA
NA,NA
NA,NA
NA,NA
NA,NA
NA,NA
NA,NA
NA,NA
NA,NA
NA,NA
NA,NA
NA,NA
NA,NA
NA,NA
NA,NA
NA,NA
NA,NA
NA,NA
NA,NA
NA,NA
NA,NA
NA,NA
NA,NA
NA,NA
NA,NA
NA,NA
662310.606060606,6049716.66666667
NA,NA
NA,NA
663825.757575758,6049716.66666667
NA,NA
NA,NA
NA,NA
NA,NA
NA,NA
NA,NA
NA,NA
NA,NA
NA,NA
NA,NA
NA,NA
NA,NA
NA,NA
NA,NA
NA,NA
NA,NA
NA,NA
NA,NA
NA,NA
NA,NA
674431.818181818,6049716.66666667
NA,NA
NA,NA
NA,NA
NA,NA
NA,NA
NA,NA
NA,NA
NA,NA
NA,NA
NA,NA
NA,NA
NA,NA
NA,NA
NA,NA
682007.575757576,6049716.66666667
NA,NA
NA,NA
NA,NA
NA,NA
NA,NA
NA,NA
NA,NA
NA,NA
NA,NA
NA,NA
NA,NA
NA,NA
NA,NA
NA,NA
689583.333333333,6049716.66666667
NA,NA
NA,NA
NA,NA
NA,NA
NA,NA
NA,NA
NA,NA
NA,NA
NA,NA
NA,NA
NA,NA
NA,NA
696148.98989899,6049716.66666667
NA,NA
NA,NA
NA,NA
698169.191919192,6049716.66666667
NA,NA
NA,NA
NA,NA
NA,NA
NA,NA
NA,NA
NA,NA
NA,NA
NA,NA
NA,NA
NA,NA
704229.797979798,6049716.66666667
NA,NA
NA,NA
NA,NA
NA,NA
NA,NA
NA,NA
NA,NA
NA,NA
NA,NA
NA,NA
NA,NA
NA,NA
NA,NA
NA,NA
NA,NA
NA,NA
NA,NA
NA,NA
NA,NA
NA,NA
NA,NA
NA,NA
NA,NA
NA,NA
NA,NA
NA,NA
NA,NA
NA,NA
NA,NA
NA,NA
NA,NA
NA,NA
NA,NA
NA,NA
NA,NA
NA,NA
NA,NA
NA,NA
NA,NA
NA,NA
NA,NA
NA,NA
NA,NA
NA,NA
NA,NA
NA,NA
NA,NA
NA,NA
NA,NA
NA,NA
NA,NA
NA,NA
NA,NA
NA,NA
NA,NA
NA,NA
NA,NA
NA,NA
NA,NA
NA,NA
NA,NA
NA,NA
NA,NA
NA,NA
NA,NA
NA,NA
NA,NA
NA,NA
NA,NA
NA,NA
NA,NA
NA,NA
NA,NA
NA,NA
NA,NA
NA,NA
NA,NA
NA,NA
NA,NA
NA,NA
NA,NA
NA,NA
NA,NA
NA,NA
NA,NA
NA,NA
NA,NA
NA,NA
NA,NA
NA,NA
NA,NA
NA,NA
NA,NA
NA,NA
NA,NA
NA,NA
NA,NA
NA,NA
NA,NA
NA,NA
NA,NA
NA,NA
NA,NA
NA,NA
NA,NA
NA,NA
NA,NA
NA,NA
658270.202020202,6050250
NA,NA
NA,NA
659785.353535354,6050250
NA,NA
NA,NA
NA,NA
NA,NA
NA,NA
NA,NA
NA,NA
NA,NA
NA,NA
NA,NA
NA,NA
NA,NA
NA,NA
NA,NA
NA,NA
NA,NA
NA,NA
NA,NA
NA,NA
NA,NA
670391.414141414,6050250
NA,NA
NA,NA
NA,NA
NA,NA
NA,NA
NA,NA
NA,NA
NA,NA
NA,NA
NA,NA
NA,NA
NA,NA
NA,NA
NA,NA
NA,NA
NA,NA
NA,NA
NA,NA
NA,NA
NA,NA
NA,NA
NA,NA
NA,NA
NA,NA
NA,NA
NA,NA
684027.777777778,6050250
NA,NA
NA,NA
NA,NA
686047.97979798,6050250
NA,NA
NA,NA
NA,NA
688068.181818182,6050250
NA,NA
NA,NA
NA,NA
NA,NA
NA,NA
NA,NA
NA,NA
NA,NA
NA,NA
NA,NA
693623.737373737,6050250
NA,NA
NA,NA
NA,NA
NA,NA
NA,NA
NA,NA
NA,NA
NA,NA
NA,NA
NA,NA
NA,NA
NA,NA
NA,NA
NA,NA
NA,NA
701704.545454545,6050250
NA,NA
NA,NA
NA,NA
NA,NA
NA,NA
NA,NA
NA,NA
NA,NA
NA,NA
NA,NA
NA,NA
NA,NA
NA,NA
NA,NA
NA,NA
NA,NA
NA,NA
NA,NA
NA,NA
NA,NA
NA,NA
NA,NA
NA,NA
NA,NA
NA,NA
NA,NA
NA,NA
NA,NA
NA,NA
NA,NA
NA,NA
NA,NA
NA,NA
NA,NA
NA,NA
NA,NA
NA,NA
NA,NA
NA,NA
NA,NA
NA,NA
NA,NA
NA,NA
NA,NA
NA,NA
NA,NA
NA,NA
NA,NA
NA,NA
NA,NA
NA,NA
NA,NA
NA,NA
NA,NA
NA,NA
NA,NA
NA,NA
NA,NA
NA,NA
NA,NA
NA,NA
NA,NA
NA,NA
NA,NA
NA,NA
NA,NA
NA,NA
NA,NA
NA,NA
NA,NA
NA,NA
NA,NA
NA,NA
NA,NA
NA,NA
NA,NA
NA,NA
NA,NA
NA,NA
NA,NA
NA,NA
NA,NA
NA,NA
NA,NA
NA,NA
NA,NA
NA,NA
NA,NA
NA,NA
NA,NA
NA,NA
NA,NA
NA,NA
NA,NA
NA,NA
NA,NA
NA,NA
NA,NA
NA,NA
NA,NA
NA,NA
NA,NA
NA,NA
NA,NA
NA,NA
NA,NA
NA,NA
NA,NA
NA,NA
656250,6050783.33333333
NA,NA
NA,NA
NA,NA
NA,NA
NA,NA
NA,NA
NA,NA
NA,NA
NA,NA
NA,NA
NA,NA
662310.606060606,6050783.33333333
NA,NA
NA,NA
NA,NA
NA,NA
NA,NA
NA,NA
NA,NA
666351.01010101,6050783.33333333
NA,NA
NA,NA
NA,NA
668371.212121212,6050783.33333333
NA,NA
NA,NA
NA,NA
NA,NA
NA,NA
NA,NA
NA,NA
672411.616161616,6050783.33333333
NA,NA
NA,NA
NA,NA
674431.818181818,6050783.33333333
NA,NA
NA,NA
675946.96969697,6050783.33333333
NA,NA
NA,NA
NA,NA
NA,NA
678472.222222222,6050783.33333333
NA,NA
NA,NA
NA,NA
680492.424242424,6050783.33333333
NA,NA
NA,NA
NA,NA
NA,NA
NA,NA
NA,NA
NA,NA
NA,NA
NA,NA
NA,NA
NA,NA
NA,NA
NA,NA
NA,NA
NA,NA
NA,NA
NA,NA
689583.333333333,6050783.33333333
NA,NA
NA,NA
NA,NA
NA,NA
NA,NA
NA,NA
NA,NA
NA,NA
NA,NA
NA,NA
NA,NA
NA,NA
696148.98989899,6050783.33333333
NA,NA
NA,NA
NA,NA
NA,NA
NA,NA
NA,NA
NA,NA
700189.393939394,6050783.33333333
NA,NA
NA,NA
NA,NA
NA,NA
NA,NA
NA,NA
NA,NA
704229.797979798,6050783.33333333
NA,NA
NA,NA
NA,NA
706250,6050783.33333333
NA,NA
NA,NA
NA,NA
NA,NA
NA,NA
NA,NA
NA,NA
NA,NA
NA,NA
NA,NA
NA,NA
NA,NA
NA,NA
NA,NA
NA,NA
NA,NA
NA,NA
NA,NA
NA,NA
NA,NA
NA,NA
NA,NA
NA,NA
NA,NA
NA,NA
NA,NA
NA,NA
NA,NA
NA,NA
NA,NA
NA,NA
NA,NA
NA,NA
NA,NA
NA,NA
NA,NA
NA,NA
NA,NA
NA,NA
NA,NA
NA,NA
NA,NA
NA,NA
NA,NA
NA,NA
NA,NA
NA,NA
NA,NA
NA,NA
NA,NA
NA,NA
NA,NA
NA,NA
NA,NA
NA,NA
NA,NA
NA,NA
NA,NA
NA,NA
NA,NA
NA,NA
NA,NA
NA,NA
NA,NA
NA,NA
NA,NA
NA,NA
NA,NA
NA,NA
NA,NA
NA,NA
NA,NA
NA,NA
NA,NA
NA,NA
NA,NA
NA,NA
NA,NA
NA,NA
NA,NA
NA,NA
NA,NA
NA,NA
NA,NA
NA,NA
NA,NA
NA,NA
NA,NA
NA,NA
NA,NA
NA,NA
NA,NA
NA,NA
NA,NA
NA,NA
NA,NA
NA,NA
NA,NA
NA,NA
NA,NA
NA,NA
NA,NA
NA,NA
NA,NA
NA,NA
NA,NA
NA,NA
NA,NA
NA,NA
NA,NA
NA,NA
NA,NA
NA,NA
NA,NA
NA,NA
663825.757575758,6051316.66666667
NA,NA
NA,NA
NA,NA
NA,NA
NA,NA
NA,NA
NA,NA
NA,NA
NA,NA
NA,NA
NA,NA
NA,NA
NA,NA
NA,NA
NA,NA
NA,NA
NA,NA
NA,NA
NA,NA
NA,NA
NA,NA
NA,NA
NA,NA
NA,NA
NA,NA
NA,NA
NA,NA
NA,NA
NA,NA
NA,NA
NA,NA
NA,NA
NA,NA
NA,NA
NA,NA
682007.575757576,6051316.66666667
NA,NA
NA,NA
NA,NA
NA,NA
NA,NA
NA,NA
NA,NA
NA,NA
NA,NA
NA,NA
NA,NA
NA,NA
NA,NA
NA,NA
NA,NA
NA,NA
NA,NA
NA,NA
NA,NA
NA,NA
NA,NA
NA,NA
NA,NA
NA,NA
NA,NA
NA,NA
NA,NA
NA,NA
NA,NA
NA,NA
NA,NA
698169.191919192,6051316.66666667
NA,NA
NA,NA
NA,NA
NA,NA
NA,NA
NA,NA
NA,NA
NA,NA
NA,NA
NA,NA
NA,NA
NA,NA
NA,NA
NA,NA
NA,NA
NA,NA
NA,NA
NA,NA
NA,NA
NA,NA
NA,NA
NA,NA
NA,NA
NA,NA
NA,NA
NA,NA
NA,NA
NA,NA
NA,NA
NA,NA
NA,NA
NA,NA
NA,NA
NA,NA
NA,NA
NA,NA
NA,NA
NA,NA
NA,NA
NA,NA
NA,NA
NA,NA
NA,NA
NA,NA
NA,NA
NA,NA
NA,NA
NA,NA
NA,NA
NA,NA
NA,NA
NA,NA
NA,NA
NA,NA
NA,NA
NA,NA
NA,NA
NA,NA
NA,NA
NA,NA
NA,NA
NA,NA
NA,NA
NA,NA
NA,NA
NA,NA
NA,NA
NA,NA
NA,NA
NA,NA
NA,NA
NA,NA
NA,NA
NA,NA
NA,NA
NA,NA
NA,NA
NA,NA
NA,NA
NA,NA
NA,NA
NA,NA
NA,NA
NA,NA
NA,NA
NA,NA
NA,NA
NA,NA
NA,NA
NA,NA
NA,NA
NA,NA
NA,NA
NA,NA
NA,NA
NA,NA
NA,NA
NA,NA
NA,NA
NA,NA
NA,NA
NA,NA
NA,NA
NA,NA
NA,NA
NA,NA
NA,NA
NA,NA
NA,NA
NA,NA
NA,NA
NA,NA
NA,NA
NA,NA
NA,NA
NA,NA
NA,NA
NA,NA
NA,NA
NA,NA
658270.202020202,6051850
NA,NA
NA,NA
659785.353535354,6051850
NA,NA
NA,NA
NA,NA
NA,NA
NA,NA
NA,NA
NA,NA
NA,NA
NA,NA
NA,NA
NA,NA
NA,NA
NA,NA
NA,NA
NA,NA
NA,NA
668371.212121212,6051850
NA,NA
NA,NA
NA,NA
670391.414141414,6051850
NA,NA
NA,NA
NA,NA
672411.616161616,6051850
NA,NA
NA,NA
NA,NA
NA,NA
NA,NA
NA,NA
NA,NA
NA,NA
NA,NA
NA,NA
NA,NA
678472.222222222,6051850
NA,NA
NA,NA
NA,NA
NA,NA
NA,NA
NA,NA
NA,NA
NA,NA
NA,NA
NA,NA
684027.777777778,6051850
NA,NA
NA,NA
NA,NA
686047.97979798,6051850
NA,NA
NA,NA
NA,NA
688068.181818182,6051850
NA,NA
NA,NA
NA,NA
NA,NA
NA,NA
NA,NA
NA,NA
NA,NA
NA,NA
NA,NA
693623.737373737,6051850
NA,NA
NA,NA
NA,NA
NA,NA
696148.98989899,6051850
NA,NA
NA,NA
NA,NA
NA,NA
NA,NA
NA,NA
NA,NA
700189.393939394,6051850
NA,NA
NA,NA
701704.545454545,6051850
NA,NA
NA,NA
NA,NA
NA,NA
NA,NA
NA,NA
NA,NA
NA,NA
NA,NA
656250,6052116.66666667
NA,NA
NA,NA
NA,NA
NA,NA
NA,NA
NA,NA
NA,NA
NA,NA
NA,NA
NA,NA
NA,NA
662310.606060606,6052116.66666667
NA,NA
NA,NA
NA,NA
NA,NA
NA,NA
NA,NA
NA,NA
666351.01010101,6052116.66666667
NA,NA
NA,NA
NA,NA
NA,NA
NA,NA
NA,NA
NA,NA
NA,NA
NA,NA
NA,NA
NA,NA
NA,NA
NA,NA
NA,NA
NA,NA
674431.818181818,6052116.66666667
NA,NA
NA,NA
675946.96969697,6052116.66666667
NA,NA
NA,NA
NA,NA
NA,NA
NA,NA
NA,NA
NA,NA
NA,NA
680492.424242424,6052116.66666667
NA,NA
NA,NA
NA,NA
NA,NA
NA,NA
NA,NA
NA,NA
NA,NA
NA,NA
NA,NA
NA,NA
NA,NA
NA,NA
NA,NA
NA,NA
NA,NA
NA,NA
NA,NA
NA,NA
NA,NA
NA,NA
NA,NA
NA,NA
NA,NA
NA,NA
NA,NA
NA,NA
NA,NA
NA,NA
NA,NA
NA,NA
NA,NA
NA,NA
NA,NA
NA,NA
NA,NA
NA,NA
NA,NA
NA,NA
NA,NA
NA,NA
NA,NA
NA,NA
NA,NA
NA,NA
NA,NA
704229.797979798,6052116.66666667
NA,NA
NA,NA
NA,NA
706250,6052116.66666667
NA,NA
NA,NA
NA,NA
NA,NA
NA,NA
NA,NA
NA,NA
NA,NA
NA,NA
NA,NA
NA,NA
NA,NA
NA,NA
NA,NA
NA,NA
NA,NA
NA,NA
NA,NA
NA,NA
NA,NA
NA,NA
NA,NA
NA,NA
NA,NA
NA,NA
NA,NA
NA,NA
NA,NA
NA,NA
NA,NA
NA,NA
NA,NA
NA,NA
NA,NA
NA,NA
NA,NA
NA,NA
NA,NA
NA,NA
NA,NA
NA,NA
NA,NA
NA,NA
NA,NA
NA,NA
NA,NA
NA,NA
NA,NA
NA,NA
NA,NA
NA,NA
NA,NA
NA,NA
NA,NA
NA,NA
NA,NA
NA,NA
NA,NA
NA,NA
NA,NA
NA,NA
NA,NA
NA,NA
NA,NA
NA,NA
NA,NA
NA,NA
NA,NA
NA,NA
NA,NA
NA,NA
NA,NA
NA,NA
NA,NA
NA,NA
NA,NA
NA,NA
NA,NA
NA,NA
NA,NA
NA,NA
NA,NA
NA,NA
NA,NA
NA,NA
NA,NA
NA,NA
NA,NA
NA,NA
NA,NA
NA,NA
NA,NA
NA,NA
NA,NA
NA,NA
NA,NA
NA,NA
NA,NA
NA,NA
NA,NA
NA,NA
NA,NA
NA,NA
NA,NA
NA,NA
NA,NA
NA,NA
NA,NA
NA,NA
NA,NA
NA,NA
NA,NA
NA,NA
NA,NA
NA,NA
NA,NA
NA,NA
NA,NA
NA,NA
NA,NA
NA,NA
NA,NA
NA,NA
NA,NA
NA,NA
NA,NA
NA,NA
NA,NA
NA,NA
NA,NA
NA,NA
NA,NA
NA,NA
NA,NA
NA,NA
NA,NA
NA,NA
NA,NA
NA,NA
NA,NA
NA,NA
NA,NA
NA,NA
NA,NA
NA,NA
NA,NA
NA,NA
NA,NA
NA,NA
NA,NA
NA,NA
NA,NA
NA,NA
NA,NA
NA,NA
NA,NA
NA,NA
NA,NA
NA,NA
NA,NA
NA,NA
NA,NA
NA,NA
NA,NA
NA,NA
NA,NA
NA,NA
NA,NA
NA,NA
NA,NA
NA,NA
NA,NA
NA,NA
NA,NA
NA,NA
NA,NA
NA,NA
NA,NA
NA,NA
NA,NA
NA,NA
NA,NA
NA,NA
698169.191919192,6052650
NA,NA
NA,NA
NA,NA
NA,NA
NA,NA
NA,NA
NA,NA
NA,NA
NA,NA
NA,NA
NA,NA
NA,NA
NA,NA
NA,NA
NA,NA
NA,NA
NA,NA
NA,NA
NA,NA
NA,NA
NA,NA
NA,NA
NA,NA
NA,NA
NA,NA
NA,NA
NA,NA
NA,NA
NA,NA
NA,NA
NA,NA
NA,NA
NA,NA
NA,NA
NA,NA
NA,NA
NA,NA
NA,NA
NA,NA
NA,NA
NA,NA
NA,NA
NA,NA
NA,NA
NA,NA
NA,NA
NA,NA
NA,NA
NA,NA
NA,NA
NA,NA
NA,NA
NA,NA
NA,NA
NA,NA
NA,NA
NA,NA
NA,NA
NA,NA
NA,NA
NA,NA
NA,NA
NA,NA
NA,NA
NA,NA
NA,NA
NA,NA
NA,NA
NA,NA
NA,NA
NA,NA
NA,NA
NA,NA
NA,NA
NA,NA
NA,NA
NA,NA
NA,NA
NA,NA
NA,NA
NA,NA
NA,NA
NA,NA
NA,NA
NA,NA
NA,NA
NA,NA
NA,NA
NA,NA
NA,NA
NA,NA
NA,NA
NA,NA
NA,NA
NA,NA
NA,NA
NA,NA
NA,NA
NA,NA
NA,NA
NA,NA
NA,NA
NA,NA
NA,NA
NA,NA
NA,NA
NA,NA
NA,NA
NA,NA
NA,NA
NA,NA
NA,NA
NA,NA
NA,NA
NA,NA
NA,NA
NA,NA
NA,NA
NA,NA
NA,NA
658270.202020202,6053183.33333333
NA,NA
NA,NA
659785.353535354,6053183.33333333
NA,NA
NA,NA
NA,NA
NA,NA
NA,NA
NA,NA
NA,NA
663825.757575758,6053183.33333333
NA,NA
NA,NA
NA,NA
NA,NA
NA,NA
NA,NA
NA,NA
NA,NA
668371.212121212,6053183.33333333
NA,NA
NA,NA
NA,NA
670391.414141414,6053183.33333333
NA,NA
NA,NA
NA,NA
672411.616161616,6053183.33333333
NA,NA
NA,NA
NA,NA
674431.818181818,6053183.33333333
NA,NA
NA,NA
NA,NA
NA,NA
NA,NA
NA,NA
NA,NA
678472.222222222,6053183.33333333
NA,NA
NA,NA
NA,NA
NA,NA
NA,NA
NA,NA
682007.575757576,6053183.33333333
NA,NA
NA,NA
NA,NA
684027.777777778,6053183.33333333
NA,NA
NA,NA
NA,NA
686047.97979798,6053183.33333333
NA,NA
NA,NA
NA,NA
688068.181818182,6053183.33333333
NA,NA
NA,NA
NA,NA
NA,NA
NA,NA
NA,NA
NA,NA
NA,NA
NA,NA
NA,NA
693623.737373737,6053183.33333333
NA,NA
NA,NA
NA,NA
NA,NA
696148.98989899,6053183.33333333
NA,NA
NA,NA
NA,NA
NA,NA
NA,NA
NA,NA
NA,NA
700189.393939394,6053183.33333333
NA,NA
NA,NA
701704.545454545,6053183.33333333
NA,NA
NA,NA
NA,NA
NA,NA
NA,NA
NA,NA
NA,NA
NA,NA
NA,NA
NA,NA
NA,NA
NA,NA
NA,NA
NA,NA
NA,NA
NA,NA
NA,NA
NA,NA
NA,NA
NA,NA
NA,NA
NA,NA
NA,NA
NA,NA
NA,NA
NA,NA
NA,NA
NA,NA
NA,NA
NA,NA
NA,NA
NA,NA
NA,NA
NA,NA
NA,NA
NA,NA
NA,NA
NA,NA
NA,NA
NA,NA
NA,NA
NA,NA
NA,NA
NA,NA
NA,NA
NA,NA
NA,NA
NA,NA
NA,NA
NA,NA
NA,NA
NA,NA
NA,NA
NA,NA
NA,NA
NA,NA
NA,NA
NA,NA
NA,NA
NA,NA
NA,NA
NA,NA
NA,NA
NA,NA
NA,NA
NA,NA
NA,NA
NA,NA
NA,NA
NA,NA
NA,NA
NA,NA
NA,NA
NA,NA
NA,NA
NA,NA
NA,NA
NA,NA
NA,NA
NA,NA
NA,NA
NA,NA
NA,NA
NA,NA
NA,NA
NA,NA
NA,NA
NA,NA
NA,NA
NA,NA
NA,NA
NA,NA
NA,NA
NA,NA
NA,NA
NA,NA
NA,NA
NA,NA
NA,NA
NA,NA
NA,NA
NA,NA
NA,NA
NA,NA
NA,NA
NA,NA
NA,NA
NA,NA
NA,NA
656250,6053716.66666667
NA,NA
NA,NA
NA,NA
NA,NA
NA,NA
NA,NA
NA,NA
NA,NA
NA,NA
NA,NA
NA,NA
662310.606060606,6053716.66666667
NA,NA
NA,NA
NA,NA
NA,NA
NA,NA
NA,NA
NA,NA
666351.01010101,6053716.66666667
NA,NA
NA,NA
NA,NA
NA,NA
NA,NA
NA,NA
NA,NA
NA,NA
NA,NA
NA,NA
NA,NA
NA,NA
NA,NA
NA,NA
NA,NA
NA,NA
NA,NA
NA,NA
675946.96969697,6053716.66666667
NA,NA
NA,NA
NA,NA
NA,NA
NA,NA
NA,NA
NA,NA
NA,NA
680492.424242424,6053716.66666667
NA,NA
NA,NA
NA,NA
NA,NA
NA,NA
NA,NA
NA,NA
NA,NA
NA,NA
NA,NA
NA,NA
NA,NA
NA,NA
NA,NA
NA,NA
NA,NA
NA,NA
NA,NA
NA,NA
NA,NA
NA,NA
NA,NA
NA,NA
NA,NA
NA,NA
NA,NA
NA,NA
NA,NA
NA,NA
NA,NA
NA,NA
NA,NA
NA,NA
NA,NA
NA,NA
NA,NA
NA,NA
NA,NA
NA,NA
NA,NA
NA,NA
NA,NA
NA,NA
NA,NA
NA,NA
NA,NA
704229.797979798,6053716.66666667
NA,NA
NA,NA
NA,NA
706250,6053716.66666667
NA,NA
NA,NA
NA,NA
NA,NA
NA,NA
NA,NA
NA,NA
NA,NA
NA,NA
NA,NA
NA,NA
NA,NA
NA,NA
NA,NA
NA,NA
NA,NA
NA,NA
NA,NA
NA,NA
NA,NA
NA,NA
NA,NA
NA,NA
NA,NA
NA,NA
NA,NA
NA,NA
NA,NA
NA,NA
NA,NA
NA,NA
NA,NA
NA,NA
NA,NA
NA,NA
NA,NA
NA,NA
NA,NA
NA,NA
NA,NA
NA,NA
NA,NA
NA,NA
NA,NA
NA,NA
NA,NA
NA,NA
NA,NA
NA,NA
NA,NA
NA,NA
NA,NA
NA,NA
NA,NA
NA,NA
NA,NA
NA,NA
NA,NA
NA,NA
NA,NA
NA,NA
NA,NA
NA,NA
NA,NA
NA,NA
NA,NA
NA,NA
NA,NA
NA,NA
NA,NA
NA,NA
NA,NA
NA,NA
NA,NA
NA,NA
NA,NA
NA,NA
NA,NA
NA,NA
NA,NA
NA,NA
NA,NA
NA,NA
NA,NA
NA,NA
NA,NA
NA,NA
NA,NA
NA,NA
NA,NA
NA,NA
NA,NA
NA,NA
NA,NA
NA,NA
NA,NA
NA,NA
NA,NA
NA,NA
NA,NA
NA,NA
NA,NA
NA,NA
NA,NA
658270.202020202,6054250
NA,NA
NA,NA
NA,NA
NA,NA
NA,NA
NA,NA
NA,NA
NA,NA
NA,NA
NA,NA
NA,NA
NA,NA
NA,NA
NA,NA
NA,NA
NA,NA
NA,NA
NA,NA
NA,NA
NA,NA
NA,NA
NA,NA
NA,NA
670391.414141414,6054250
NA,NA
NA,NA
NA,NA
NA,NA
NA,NA
NA,NA
NA,NA
NA,NA
NA,NA
NA,NA
NA,NA
NA,NA
NA,NA
NA,NA
NA,NA
NA,NA
NA,NA
NA,NA
NA,NA
NA,NA
NA,NA
NA,NA
NA,NA
NA,NA
NA,NA
NA,NA
NA,NA
NA,NA
NA,NA
NA,NA
686047.97979798,6054250
NA,NA
NA,NA
NA,NA
688068.181818182,6054250
NA,NA
NA,NA
NA,NA
NA,NA
NA,NA
NA,NA
NA,NA
NA,NA
NA,NA
NA,NA
693623.737373737,6054250
NA,NA
NA,NA
NA,NA
NA,NA
NA,NA
NA,NA
NA,NA
NA,NA
698169.191919192,6054250
NA,NA
NA,NA
NA,NA
700189.393939394,6054250
NA,NA
NA,NA
NA,NA
NA,NA
NA,NA
NA,NA
NA,NA
NA,NA
NA,NA
NA,NA
NA,NA
NA,NA
NA,NA
NA,NA
NA,NA
NA,NA
NA,NA
NA,NA
NA,NA
NA,NA
NA,NA
NA,NA
NA,NA
NA,NA
NA,NA
NA,NA
NA,NA
NA,NA
NA,NA
NA,NA
NA,NA
NA,NA
NA,NA
NA,NA
NA,NA
NA,NA
NA,NA
NA,NA
NA,NA
NA,NA
NA,NA
NA,NA
NA,NA
NA,NA
NA,NA
NA,NA
NA,NA
NA,NA
NA,NA
NA,NA
NA,NA
NA,NA
NA,NA
NA,NA
NA,NA
NA,NA
NA,NA
NA,NA
NA,NA
NA,NA
NA,NA
NA,NA
NA,NA
NA,NA
NA,NA
NA,NA
NA,NA
NA,NA
NA,NA
NA,NA
NA,NA
NA,NA
NA,NA
NA,NA
NA,NA
NA,NA
NA,NA
NA,NA
NA,NA
NA,NA
NA,NA
NA,NA
NA,NA
NA,NA
NA,NA
NA,NA
NA,NA
NA,NA
NA,NA
NA,NA
NA,NA
NA,NA
NA,NA
NA,NA
NA,NA
NA,NA
NA,NA
NA,NA
NA,NA
NA,NA
NA,NA
NA,NA
NA,NA
NA,NA
NA,NA
NA,NA
NA,NA
NA,NA
NA,NA
NA,NA
NA,NA
NA,NA
NA,NA
NA,NA
NA,NA
NA,NA
NA,NA
NA,NA
NA,NA
659785.353535354,6054783.33333333
NA,NA
NA,NA
NA,NA
NA,NA
662310.606060606,6054783.33333333
NA,NA
NA,NA
663825.757575758,6054783.33333333
NA,NA
NA,NA
NA,NA
NA,NA
NA,NA
NA,NA
NA,NA
NA,NA
668371.212121212,6054783.33333333
NA,NA
NA,NA
NA,NA
NA,NA
NA,NA
NA,NA
NA,NA
672411.616161616,6054783.33333333
NA,NA
NA,NA
NA,NA
674431.818181818,6054783.33333333
NA,NA
NA,NA
NA,NA
NA,NA
NA,NA
NA,NA
NA,NA
678472.222222222,6054783.33333333
NA,NA
NA,NA
NA,NA
NA,NA
NA,NA
NA,NA
682007.575757576,6054783.33333333
NA,NA
NA,NA
NA,NA
684027.777777778,6054783.33333333
NA,NA
NA,NA
NA,NA
NA,NA
NA,NA
NA,NA
NA,NA
NA,NA
NA,NA
NA,NA
NA,NA
NA,NA
NA,NA
NA,NA
NA,NA
NA,NA
NA,NA
NA,NA
NA,NA
NA,NA
NA,NA
NA,NA
NA,NA
696148.98989899,6054783.33333333
NA,NA
NA,NA
NA,NA
NA,NA
NA,NA
NA,NA
NA,NA
NA,NA
NA,NA
NA,NA
701704.545454545,6054783.33333333
NA,NA
NA,NA
NA,NA
NA,NA
704229.797979798,6054783.33333333
NA,NA
NA,NA
NA,NA
NA,NA
NA,NA
NA,NA
NA,NA
NA,NA
NA,NA
NA,NA
NA,NA
NA,NA
NA,NA
NA,NA
NA,NA
NA,NA
NA,NA
NA,NA
NA,NA
NA,NA
NA,NA
NA,NA
NA,NA
NA,NA
NA,NA
NA,NA
NA,NA
NA,NA
NA,NA
NA,NA
NA,NA
NA,NA
NA,NA
NA,NA
NA,NA
NA,NA
NA,NA
NA,NA
NA,NA
NA,NA
NA,NA
NA,NA
NA,NA
NA,NA
NA,NA
NA,NA
NA,NA
NA,NA
NA,NA
NA,NA
NA,NA
NA,NA
NA,NA
NA,NA
NA,NA
NA,NA
NA,NA
NA,NA
NA,NA
NA,NA
NA,NA
NA,NA
NA,NA
NA,NA
NA,NA
NA,NA
NA,NA
NA,NA
NA,NA
NA,NA
NA,NA
NA,NA
NA,NA
NA,NA
NA,NA
NA,NA
NA,NA
NA,NA
NA,NA
NA,NA
NA,NA
NA,NA
NA,NA
NA,NA
NA,NA
NA,NA
NA,NA
NA,NA
NA,NA
NA,NA
NA,NA
NA,NA
NA,NA
NA,NA
NA,NA
NA,NA
NA,NA
NA,NA
NA,NA
NA,NA
NA,NA
NA,NA
NA,NA
NA,NA
656250,6055316.66666667
NA,NA
NA,NA
NA,NA
NA,NA
NA,NA
NA,NA
NA,NA
NA,NA
NA,NA
NA,NA
NA,NA
NA,NA
NA,NA
NA,NA
NA,NA
NA,NA
NA,NA
NA,NA
NA,NA
666351.01010101,6055316.66666667
NA,NA
NA,NA
NA,NA
NA,NA
NA,NA
NA,NA
NA,NA
NA,NA
NA,NA
NA,NA
NA,NA
NA,NA
NA,NA
NA,NA
NA,NA
NA,NA
NA,NA
NA,NA
675946.96969697,6055316.66666667
NA,NA
NA,NA
NA,NA
NA,NA
NA,NA
NA,NA
NA,NA
NA,NA
680492.424242424,6055316.66666667
NA,NA
NA,NA
NA,NA
NA,NA
NA,NA
NA,NA
NA,NA
NA,NA
NA,NA
NA,NA
NA,NA
NA,NA
NA,NA
NA,NA
NA,NA
NA,NA
NA,NA
NA,NA
NA,NA
NA,NA
NA,NA
NA,NA
NA,NA
NA,NA
NA,NA
NA,NA
NA,NA
NA,NA
NA,NA
NA,NA
NA,NA
NA,NA
NA,NA
NA,NA
NA,NA
NA,NA
NA,NA
NA,NA
NA,NA
NA,NA
NA,NA
NA,NA
NA,NA
NA,NA
NA,NA
NA,NA
NA,NA
NA,NA
NA,NA
NA,NA
706250,6055316.66666667
NA,NA
NA,NA
NA,NA
NA,NA
NA,NA
NA,NA
NA,NA
NA,NA
NA,NA
NA,NA
NA,NA
NA,NA
NA,NA
NA,NA
NA,NA
NA,NA
NA,NA
NA,NA
NA,NA
NA,NA
NA,NA
NA,NA
NA,NA
NA,NA
NA,NA
NA,NA
NA,NA
NA,NA
NA,NA
NA,NA
NA,NA
NA,NA
NA,NA
NA,NA
NA,NA
NA,NA
NA,NA
NA,NA
NA,NA
NA,NA
NA,NA
NA,NA
NA,NA
NA,NA
NA,NA
NA,NA
NA,NA
NA,NA
NA,NA
NA,NA
NA,NA
NA,NA
NA,NA
NA,NA
NA,NA
NA,NA
NA,NA
NA,NA
NA,NA
NA,NA
NA,NA
NA,NA
NA,NA
NA,NA
NA,NA
NA,NA
NA,NA
NA,NA
NA,NA
NA,NA
NA,NA
NA,NA
NA,NA
NA,NA
NA,NA
NA,NA
NA,NA
NA,NA
NA,NA
NA,NA
NA,NA
NA,NA
NA,NA
NA,NA
NA,NA
NA,NA
NA,NA
NA,NA
NA,NA
NA,NA
NA,NA
NA,NA
NA,NA
NA,NA
NA,NA
NA,NA
NA,NA
NA,NA
NA,NA
NA,NA
NA,NA
NA,NA
NA,NA
NA,NA
NA,NA
NA,NA
NA,NA
NA,NA
NA,NA
NA,NA
NA,NA
NA,NA
NA,NA
NA,NA
NA,NA
663825.757575758,6055850
NA,NA
NA,NA
NA,NA
NA,NA
NA,NA
NA,NA
NA,NA
NA,NA
NA,NA
NA,NA
NA,NA
NA,NA
NA,NA
NA,NA
NA,NA
NA,NA
NA,NA
NA,NA
NA,NA
NA,NA
NA,NA
NA,NA
NA,NA
NA,NA
NA,NA
NA,NA
NA,NA
NA,NA
NA,NA
NA,NA
NA,NA
NA,NA
NA,NA
NA,NA
NA,NA
NA,NA
NA,NA
NA,NA
NA,NA
NA,NA
NA,NA
NA,NA
NA,NA
686047.97979798,6055850
NA,NA
NA,NA
NA,NA
NA,NA
NA,NA
NA,NA
NA,NA
NA,NA
NA,NA
NA,NA
NA,NA
NA,NA
NA,NA
NA,NA
693623.737373737,6055850
NA,NA
NA,NA
NA,NA
NA,NA
NA,NA
NA,NA
NA,NA
NA,NA
698169.191919192,6055850
NA,NA
NA,NA
NA,NA
700189.393939394,6055850
NA,NA
NA,NA
NA,NA
NA,NA
NA,NA
NA,NA
NA,NA
NA,NA
NA,NA
NA,NA
NA,NA
NA,NA
NA,NA
NA,NA
NA,NA
NA,NA
NA,NA
NA,NA
NA,NA
NA,NA
NA,NA
NA,NA
NA,NA
NA,NA
NA,NA
NA,NA
NA,NA
NA,NA
NA,NA
NA,NA
NA,NA
NA,NA
NA,NA
NA,NA
NA,NA
NA,NA
668371.212121212,6056116.66666667
NA,NA
NA,NA
NA,NA
670391.414141414,6056116.66666667
NA,NA
NA,NA
NA,NA
672411.616161616,6056116.66666667
NA,NA
NA,NA
NA,NA
NA,NA
NA,NA
NA,NA
NA,NA
NA,NA
NA,NA
NA,NA
NA,NA
678472.222222222,6056116.66666667
NA,NA
NA,NA
NA,NA
NA,NA
NA,NA
NA,NA
682007.575757576,6056116.66666667
NA,NA
NA,NA
NA,NA
684027.777777778,6056116.66666667
NA,NA
NA,NA
NA,NA
NA,NA
NA,NA
NA,NA
NA,NA
NA,NA
NA,NA
NA,NA
NA,NA
NA,NA
NA,NA
NA,NA
NA,NA
NA,NA
NA,NA
NA,NA
NA,NA
NA,NA
NA,NA
NA,NA
NA,NA
696148.98989899,6056116.66666667
NA,NA
NA,NA
NA,NA
NA,NA
NA,NA
NA,NA
NA,NA
NA,NA
NA,NA
NA,NA
701704.545454545,6056116.66666667
NA,NA
NA,NA
NA,NA
NA,NA
704229.797979798,6056116.66666667
NA,NA
NA,NA
NA,NA
NA,NA
NA,NA
NA,NA
NA,NA
NA,NA
NA,NA
NA,NA
NA,NA
NA,NA
NA,NA
NA,NA
NA,NA
NA,NA
NA,NA
NA,NA
NA,NA
NA,NA
NA,NA
NA,NA
NA,NA
NA,NA
NA,NA
NA,NA
NA,NA
NA,NA
NA,NA
NA,NA
NA,NA
NA,NA
NA,NA
NA,NA
NA,NA
NA,NA
NA,NA
NA,NA
NA,NA
NA,NA
NA,NA
NA,NA
NA,NA
NA,NA
NA,NA
NA,NA
NA,NA
NA,NA
NA,NA
NA,NA
NA,NA
NA,NA
NA,NA
NA,NA
NA,NA
NA,NA
NA,NA
NA,NA
NA,NA
NA,NA
NA,NA
NA,NA
NA,NA
NA,NA
NA,NA
NA,NA
NA,NA
NA,NA
NA,NA
NA,NA
NA,NA
NA,NA
NA,NA
NA,NA
NA,NA
NA,NA
NA,NA
NA,NA
NA,NA
NA,NA
NA,NA
NA,NA
NA,NA
NA,NA
NA,NA
NA,NA
NA,NA
NA,NA
NA,NA
NA,NA
NA,NA
NA,NA
NA,NA
NA,NA
NA,NA
NA,NA
NA,NA
NA,NA
NA,NA
NA,NA
NA,NA
NA,NA
NA,NA
NA,NA
NA,NA
NA,NA
NA,NA
NA,NA
NA,NA
NA,NA
NA,NA
NA,NA
NA,NA
NA,NA
NA,NA
NA,NA
662310.606060606,6056650
NA,NA
NA,NA
NA,NA
NA,NA
NA,NA
NA,NA
NA,NA
666351.01010101,6056650
NA,NA
NA,NA
NA,NA
NA,NA
NA,NA
NA,NA
NA,NA
NA,NA
NA,NA
NA,NA
NA,NA
NA,NA
NA,NA
NA,NA
NA,NA
674431.818181818,6056650
NA,NA
NA,NA
NA,NA
NA,NA
NA,NA
NA,NA
NA,NA
NA,NA
NA,NA
NA,NA
NA,NA
680492.424242424,6056650
NA,NA
NA,NA
NA,NA
NA,NA
NA,NA
NA,NA
NA,NA
NA,NA
NA,NA
NA,NA
NA,NA
NA,NA
NA,NA
NA,NA
NA,NA
NA,NA
NA,NA
NA,NA
NA,NA
NA,NA
NA,NA
NA,NA
NA,NA
NA,NA
NA,NA
NA,NA
NA,NA
NA,NA
NA,NA
NA,NA
NA,NA
NA,NA
NA,NA
NA,NA
NA,NA
NA,NA
NA,NA
NA,NA
NA,NA
NA,NA
NA,NA
NA,NA
NA,NA
NA,NA
NA,NA
NA,NA
NA,NA
NA,NA
NA,NA
NA,NA
NA,NA
NA,NA
NA,NA
NA,NA
NA,NA
NA,NA
NA,NA
NA,NA
NA,NA
NA,NA
NA,NA
NA,NA
NA,NA
NA,NA
NA,NA
NA,NA
NA,NA
NA,NA
NA,NA
NA,NA
NA,NA
NA,NA
NA,NA
NA,NA
NA,NA
NA,NA
NA,NA
NA,NA
NA,NA
NA,NA
NA,NA
NA,NA
NA,NA
NA,NA
NA,NA
NA,NA
NA,NA
NA,NA
NA,NA
NA,NA
NA,NA
NA,NA
NA,NA
NA,NA
NA,NA
NA,NA
NA,NA
NA,NA
NA,NA
NA,NA
NA,NA
NA,NA
NA,NA
NA,NA
NA,NA
NA,NA
NA,NA
NA,NA
NA,NA
NA,NA
NA,NA
NA,NA
NA,NA
NA,NA
NA,NA
NA,NA
NA,NA
NA,NA
NA,NA
NA,NA
NA,NA
NA,NA
NA,NA
NA,NA
NA,NA
NA,NA
NA,NA
NA,NA
NA,NA
NA,NA
NA,NA
NA,NA
NA,NA
NA,NA
NA,NA
NA,NA
NA,NA
NA,NA
NA,NA
NA,NA
NA,NA
NA,NA
NA,NA
NA,NA
NA,NA
NA,NA
NA,NA
NA,NA
NA,NA
NA,NA
NA,NA
NA,NA
NA,NA
NA,NA
NA,NA
NA,NA
NA,NA
NA,NA
NA,NA
NA,NA
NA,NA
NA,NA
NA,NA
NA,NA
NA,NA
NA,NA
663825.757575758,6057183.33333333
NA,NA
NA,NA
NA,NA
NA,NA
NA,NA
NA,NA
NA,NA
NA,NA
NA,NA
NA,NA
NA,NA
NA,NA
NA,NA
NA,NA
NA,NA
NA,NA
NA,NA
NA,NA
NA,NA
NA,NA
NA,NA
NA,NA
NA,NA
675946.96969697,6057183.33333333
NA,NA
NA,NA
NA,NA
NA,NA
678472.222222222,6057183.33333333
NA,NA
NA,NA
NA,NA
NA,NA
NA,NA
NA,NA
NA,NA
NA,NA
NA,NA
NA,NA
NA,NA
NA,NA
NA,NA
NA,NA
686047.97979798,6057183.33333333
NA,NA
NA,NA
NA,NA
NA,NA
NA,NA
NA,NA
NA,NA
NA,NA
NA,NA
NA,NA
NA,NA
NA,NA
NA,NA
NA,NA
693623.737373737,6057183.33333333
NA,NA
NA,NA
NA,NA
NA,NA
696148.98989899,6057183.33333333
NA,NA
NA,NA
NA,NA
698169.191919192,6057183.33333333
NA,NA
NA,NA
NA,NA
700189.393939394,6057183.33333333
NA,NA
NA,NA
701704.545454545,6057183.33333333
NA,NA
NA,NA
NA,NA
NA,NA
704229.797979798,6057183.33333333
NA,NA
NA,NA
NA,NA
706250,6057183.33333333
NA,NA
NA,NA
NA,NA
NA,NA
NA,NA
NA,NA
NA,NA
NA,NA
NA,NA
NA,NA
NA,NA
NA,NA
NA,NA
NA,NA
NA,NA
NA,NA
NA,NA
NA,NA
NA,NA
NA,NA
NA,NA
NA,NA
NA,NA
NA,NA
NA,NA
NA,NA
NA,NA
NA,NA
NA,NA
NA,NA
NA,NA
NA,NA
NA,NA
NA,NA
NA,NA
NA,NA
NA,NA
NA,NA
NA,NA
NA,NA
NA,NA
NA,NA
NA,NA
NA,NA
NA,NA
NA,NA
NA,NA
NA,NA
NA,NA
NA,NA
NA,NA
NA,NA
NA,NA
NA,NA
NA,NA
NA,NA
NA,NA
NA,NA
NA,NA
NA,NA
NA,NA
NA,NA
NA,NA
NA,NA
NA,NA
NA,NA
NA,NA
NA,NA
NA,NA
NA,NA
NA,NA
NA,NA
NA,NA
NA,NA
NA,NA
NA,NA
NA,NA
NA,NA
NA,NA
NA,NA
NA,NA
NA,NA
NA,NA
NA,NA
NA,NA
NA,NA
NA,NA
NA,NA
NA,NA
NA,NA
NA,NA
NA,NA
NA,NA
NA,NA
NA,NA
NA,NA
NA,NA
NA,NA
NA,NA
NA,NA
NA,NA
NA,NA
NA,NA
NA,NA
NA,NA
NA,NA
NA,NA
NA,NA
NA,NA
NA,NA
NA,NA
NA,NA
NA,NA
NA,NA
NA,NA
NA,NA
NA,NA
NA,NA
NA,NA
NA,NA
NA,NA
NA,NA
NA,NA
NA,NA
668371.212121212,6057716.66666667
NA,NA
NA,NA
NA,NA
670391.414141414,6057716.66666667
NA,NA
NA,NA
NA,NA
672411.616161616,6057716.66666667
NA,NA
NA,NA
NA,NA
NA,NA
NA,NA
NA,NA
NA,NA
NA,NA
NA,NA
NA,NA
NA,NA
NA,NA
NA,NA
NA,NA
NA,NA
NA,NA
NA,NA
NA,NA
682007.575757576,6057716.66666667
NA,NA
NA,NA
NA,NA
684027.777777778,6057716.66666667
NA,NA
NA,NA
NA,NA
NA,NA
NA,NA
NA,NA
NA,NA
NA,NA
NA,NA
NA,NA
NA,NA
NA,NA
NA,NA
NA,NA
NA,NA
NA,NA
NA,NA
NA,NA
NA,NA
NA,NA
NA,NA
NA,NA
NA,NA
NA,NA
NA,NA
NA,NA
NA,NA
NA,NA
NA,NA
NA,NA
NA,NA
NA,NA
NA,NA
NA,NA
NA,NA
NA,NA
NA,NA
NA,NA
NA,NA
NA,NA
NA,NA
NA,NA
NA,NA
NA,NA
NA,NA
NA,NA
NA,NA
NA,NA
NA,NA
NA,NA
NA,NA
NA,NA
NA,NA
NA,NA
NA,NA
NA,NA
NA,NA
NA,NA
NA,NA
NA,NA
NA,NA
NA,NA
NA,NA
NA,NA
NA,NA
NA,NA
NA,NA
NA,NA
NA,NA
NA,NA
NA,NA
NA,NA
NA,NA
NA,NA
NA,NA
NA,NA
NA,NA
NA,NA
NA,NA
NA,NA
NA,NA
NA,NA
NA,NA
NA,NA
NA,NA
NA,NA
NA,NA
NA,NA
NA,NA
NA,NA
NA,NA
NA,NA
NA,NA
NA,NA
NA,NA
NA,NA
NA,NA
NA,NA
NA,NA
NA,NA
NA,NA
NA,NA
NA,NA
NA,NA
NA,NA
NA,NA
NA,NA
NA,NA
NA,NA
NA,NA
NA,NA
NA,NA
NA,NA
NA,NA
NA,NA
NA,NA
NA,NA
NA,NA
NA,NA
NA,NA
NA,NA
NA,NA
NA,NA
NA,NA
NA,NA
NA,NA
NA,NA
NA,NA
NA,NA
NA,NA
NA,NA
NA,NA
NA,NA
NA,NA
NA,NA
NA,NA
NA,NA
NA,NA
NA,NA
NA,NA
NA,NA
NA,NA
NA,NA
NA,NA
NA,NA
NA,NA
NA,NA
NA,NA
NA,NA
NA,NA
NA,NA
NA,NA
NA,NA
NA,NA
NA,NA
NA,NA
NA,NA
NA,NA
NA,NA
NA,NA
NA,NA
NA,NA
NA,NA
NA,NA
666351.01010101,6058250
NA,NA
NA,NA
NA,NA
NA,NA
NA,NA
NA,NA
NA,NA
NA,NA
NA,NA
NA,NA
NA,NA
NA,NA
NA,NA
NA,NA
NA,NA
674431.818181818,6058250
NA,NA
NA,NA
NA,NA
NA,NA
NA,NA
NA,NA
NA,NA
NA,NA
NA,NA
NA,NA
NA,NA
680492.424242424,6058250
NA,NA
NA,NA
NA,NA
NA,NA
NA,NA
NA,NA
NA,NA
NA,NA
NA,NA
NA,NA
NA,NA
NA,NA
NA,NA
NA,NA
NA,NA
NA,NA
NA,NA
NA,NA
NA,NA
NA,NA
NA,NA
NA,NA
NA,NA
NA,NA
NA,NA
NA,NA
NA,NA
NA,NA
NA,NA
NA,NA
NA,NA
NA,NA
NA,NA
NA,NA
NA,NA
NA,NA
NA,NA
NA,NA
NA,NA
NA,NA
NA,NA
NA,NA
NA,NA
NA,NA
NA,NA
NA,NA
NA,NA
NA,NA
NA,NA
NA,NA
NA,NA
NA,NA
NA,NA
NA,NA
NA,NA
NA,NA
NA,NA
NA,NA
NA,NA
NA,NA
NA,NA
NA,NA
NA,NA
NA,NA
NA,NA
NA,NA
NA,NA
NA,NA
NA,NA
NA,NA
NA,NA
NA,NA
NA,NA
NA,NA
NA,NA
NA,NA
NA,NA
NA,NA
NA,NA
NA,NA
NA,NA
NA,NA
NA,NA
NA,NA
NA,NA
NA,NA
NA,NA
NA,NA
NA,NA
NA,NA
NA,NA
NA,NA
NA,NA
NA,NA
NA,NA
NA,NA
NA,NA
NA,NA
NA,NA
NA,NA
NA,NA
NA,NA
NA,NA
NA,NA
NA,NA
NA,NA
NA,NA
NA,NA
NA,NA
NA,NA
NA,NA
NA,NA
NA,NA
NA,NA
NA,NA
NA,NA
NA,NA
NA,NA
NA,NA
NA,NA
NA,NA
NA,NA
NA,NA
NA,NA
NA,NA
NA,NA
NA,NA
NA,NA
NA,NA
NA,NA
NA,NA
NA,NA
NA,NA
NA,NA
NA,NA
NA,NA
NA,NA
NA,NA
NA,NA
NA,NA
NA,NA
NA,NA
NA,NA
NA,NA
NA,NA
NA,NA
NA,NA
NA,NA
NA,NA
NA,NA
NA,NA
NA,NA
NA,NA
NA,NA
NA,NA
NA,NA
NA,NA
NA,NA
NA,NA
NA,NA
NA,NA
NA,NA
NA,NA
NA,NA
NA,NA
NA,NA
NA,NA
NA,NA
NA,NA
NA,NA
NA,NA
NA,NA
NA,NA
NA,NA
NA,NA
NA,NA
NA,NA
NA,NA
NA,NA
670391.414141414,6058783.33333333
NA,NA
NA,NA
NA,NA
NA,NA
NA,NA
NA,NA
NA,NA
NA,NA
NA,NA
NA,NA
NA,NA
NA,NA
NA,NA
NA,NA
NA,NA
678472.222222222,6058783.33333333
NA,NA
NA,NA
NA,NA
NA,NA
NA,NA
NA,NA
NA,NA
NA,NA
NA,NA
NA,NA
NA,NA
NA,NA
NA,NA
NA,NA
NA,NA
NA,NA
NA,NA
NA,NA
NA,NA
NA,NA
NA,NA
NA,NA
NA,NA
NA,NA
NA,NA
NA,NA
NA,NA
NA,NA
NA,NA
NA,NA
NA,NA
NA,NA
NA,NA
NA,NA
NA,NA
NA,NA
NA,NA
NA,NA
NA,NA
NA,NA
NA,NA
NA,NA
NA,NA
NA,NA
NA,NA
NA,NA
NA,NA
NA,NA
NA,NA
NA,NA
NA,NA
NA,NA
NA,NA
NA,NA
NA,NA
NA,NA
NA,NA
NA,NA
NA,NA
NA,NA
NA,NA
NA,NA
NA,NA
NA,NA
NA,NA
NA,NA
NA,NA
NA,NA
NA,NA
NA,NA
NA,NA
NA,NA
NA,NA
NA,NA
NA,NA
NA,NA
NA,NA
NA,NA
NA,NA
NA,NA
NA,NA
NA,NA
NA,NA
NA,NA
NA,NA
NA,NA
NA,NA
NA,NA
NA,NA
NA,NA
NA,NA
NA,NA
NA,NA
NA,NA
NA,NA
NA,NA
NA,NA
NA,NA
NA,NA
NA,NA
NA,NA
NA,NA
NA,NA
NA,NA
NA,NA
NA,NA
NA,NA
NA,NA
NA,NA
NA,NA
NA,NA
NA,NA
NA,NA
NA,NA
NA,NA
NA,NA
NA,NA
NA,NA
NA,NA
NA,NA
NA,NA
NA,NA
NA,NA
NA,NA
NA,NA
NA,NA
NA,NA
NA,NA
NA,NA
NA,NA
NA,NA
NA,NA
NA,NA
NA,NA
NA,NA
NA,NA
NA,NA
NA,NA
NA,NA
NA,NA
NA,NA
NA,NA
NA,NA
NA,NA
NA,NA
NA,NA
NA,NA
NA,NA
NA,NA
NA,NA
NA,NA
NA,NA
NA,NA
NA,NA
NA,NA
NA,NA
NA,NA
NA,NA
NA,NA
NA,NA
NA,NA
NA,NA
NA,NA
NA,NA
NA,NA
NA,NA
NA,NA
NA,NA
NA,NA
NA,NA
NA,NA
NA,NA
NA,NA
NA,NA
NA,NA
NA,NA
NA,NA
NA,NA
NA,NA
668371.212121212,6059316.66666667
NA,NA
NA,NA
NA,NA
NA,NA
NA,NA
NA,NA
NA,NA
672411.616161616,6059316.66666667
NA,NA
NA,NA
NA,NA
NA,NA
NA,NA
NA,NA
675946.96969697,6059316.66666667
NA,NA
NA,NA
NA,NA
NA,NA
NA,NA
NA,NA
NA,NA
NA,NA
NA,NA
NA,NA
NA,NA
682007.575757576,6059316.66666667
NA,NA
NA,NA
NA,NA
684027.777777778,6059316.66666667
NA,NA
NA,NA
NA,NA
NA,NA
NA,NA
NA,NA
NA,NA
NA,NA
NA,NA
NA,NA
NA,NA
NA,NA
NA,NA
NA,NA
NA,NA
NA,NA
NA,NA
NA,NA
NA,NA
NA,NA
NA,NA
NA,NA
NA,NA
NA,NA
NA,NA
NA,NA
NA,NA
NA,NA
NA,NA
NA,NA
NA,NA
NA,NA
NA,NA
NA,NA
NA,NA
NA,NA
NA,NA
NA,NA
NA,NA
NA,NA
NA,NA
NA,NA
NA,NA
NA,NA
NA,NA
NA,NA
NA,NA
NA,NA
NA,NA
NA,NA
NA,NA
NA,NA
NA,NA
NA,NA
NA,NA
NA,NA
NA,NA
NA,NA
NA,NA
NA,NA
NA,NA
NA,NA
NA,NA
NA,NA
NA,NA
NA,NA
NA,NA
NA,NA
NA,NA
NA,NA
NA,NA
NA,NA
NA,NA
NA,NA
NA,NA
NA,NA
NA,NA
NA,NA
NA,NA
NA,NA
NA,NA
NA,NA
NA,NA
NA,NA
NA,NA
NA,NA
NA,NA
NA,NA
NA,NA
NA,NA
NA,NA
NA,NA
NA,NA
NA,NA
NA,NA
NA,NA
NA,NA
NA,NA
NA,NA
NA,NA
NA,NA
NA,NA
NA,NA
NA,NA
NA,NA
NA,NA
NA,NA
NA,NA
NA,NA
NA,NA
NA,NA
NA,NA
NA,NA
NA,NA
NA,NA
NA,NA
NA,NA
NA,NA
NA,NA
NA,NA
NA,NA
NA,NA
NA,NA
NA,NA
NA,NA
NA,NA
NA,NA
NA,NA
NA,NA
NA,NA
NA,NA
NA,NA
NA,NA
NA,NA
NA,NA
NA,NA
NA,NA
NA,NA
NA,NA
NA,NA
NA,NA
NA,NA
NA,NA
NA,NA
NA,NA
NA,NA
NA,NA
NA,NA
NA,NA
NA,NA
NA,NA
NA,NA
NA,NA
NA,NA
NA,NA
NA,NA
NA,NA
NA,NA
NA,NA
NA,NA
NA,NA
NA,NA
NA,NA
NA,NA
666351.01010101,6059850
NA,NA
NA,NA
NA,NA
NA,NA
NA,NA
NA,NA
NA,NA
NA,NA
NA,NA
NA,NA
NA,NA
NA,NA
NA,NA
NA,NA
NA,NA
NA,NA
NA,NA
NA,NA
NA,NA
NA,NA
NA,NA
NA,NA
NA,NA
NA,NA
NA,NA
NA,NA
NA,NA
NA,NA
NA,NA
NA,NA
NA,NA
NA,NA
NA,NA
NA,NA
NA,NA
NA,NA
NA,NA
NA,NA
NA,NA
NA,NA
NA,NA
NA,NA
NA,NA
NA,NA
NA,NA
NA,NA
NA,NA
NA,NA
NA,NA
NA,NA
NA,NA
NA,NA
NA,NA
NA,NA
NA,NA
NA,NA
NA,NA
NA,NA
NA,NA
NA,NA
NA,NA
NA,NA
NA,NA
NA,NA
NA,NA
NA,NA
NA,NA
NA,NA
NA,NA
NA,NA
NA,NA
NA,NA
NA,NA
NA,NA
NA,NA
NA,NA
NA,NA
NA,NA
NA,NA
NA,NA
NA,NA
NA,NA
NA,NA
NA,NA
NA,NA
NA,NA
NA,NA
NA,NA
NA,NA
NA,NA
NA,NA
NA,NA
NA,NA
NA,NA
NA,NA
NA,NA
NA,NA
NA,NA
NA,NA
NA,NA
NA,NA
NA,NA
NA,NA
NA,NA
NA,NA
NA,NA
NA,NA
670391.414141414,6060116.66666667
NA,NA
NA,NA
NA,NA
NA,NA
NA,NA
NA,NA
NA,NA
674431.818181818,6060116.66666667
NA,NA
NA,NA
NA,NA
NA,NA
NA,NA
NA,NA
NA,NA
NA,NA
NA,NA
NA,NA
NA,NA
NA,NA
NA,NA
NA,NA
NA,NA
NA,NA
NA,NA
NA,NA
NA,NA
NA,NA
NA,NA
NA,NA
NA,NA
NA,NA
NA,NA
NA,NA
NA,NA
NA,NA
NA,NA
NA,NA
NA,NA
NA,NA
NA,NA
NA,NA
NA,NA
NA,NA
NA,NA
NA,NA
NA,NA
NA,NA
NA,NA
NA,NA
NA,NA
NA,NA
NA,NA
NA,NA
NA,NA
NA,NA
NA,NA
NA,NA
NA,NA
NA,NA
NA,NA
NA,NA
NA,NA
NA,NA
NA,NA
NA,NA
NA,NA
NA,NA
NA,NA
NA,NA
NA,NA
NA,NA
NA,NA
NA,NA
NA,NA
NA,NA
NA,NA
NA,NA
NA,NA
NA,NA
NA,NA
NA,NA
NA,NA
NA,NA
NA,NA
NA,NA
NA,NA
NA,NA
NA,NA
NA,NA
NA,NA
NA,NA
NA,NA
NA,NA
NA,NA
NA,NA
NA,NA
NA,NA
NA,NA
NA,NA
NA,NA
NA,NA
NA,NA
NA,NA
NA,NA
NA,NA
NA,NA
NA,NA
NA,NA
NA,NA
NA,NA
NA,NA
NA,NA
NA,NA
NA,NA
NA,NA
NA,NA
NA,NA
NA,NA
NA,NA
NA,NA
NA,NA
NA,NA
NA,NA
NA,NA
NA,NA
NA,NA
NA,NA
NA,NA
NA,NA
NA,NA
NA,NA
NA,NA
NA,NA
NA,NA
NA,NA
NA,NA
NA,NA
NA,NA
NA,NA
NA,NA
NA,NA
NA,NA
NA,NA
NA,NA
NA,NA
NA,NA
NA,NA
NA,NA
NA,NA
NA,NA
NA,NA
NA,NA
NA,NA
NA,NA
NA,NA
NA,NA
NA,NA
NA,NA
NA,NA
NA,NA
NA,NA
NA,NA
NA,NA
NA,NA
NA,NA
NA,NA
NA,NA
NA,NA
NA,NA
NA,NA
NA,NA
NA,NA
NA,NA
NA,NA
NA,NA
NA,NA
NA,NA
NA,NA
NA,NA
NA,NA
NA,NA
NA,NA
NA,NA
NA,NA
NA,NA
NA,NA
NA,NA
NA,NA
NA,NA
NA,NA
NA,NA
NA,NA
NA,NA
NA,NA
NA,NA
NA,NA
NA,NA
NA,NA
NA,NA
NA,NA
NA,NA
NA,NA
NA,NA
NA,NA
NA,NA
NA,NA
NA,NA
NA,NA
NA,NA
NA,NA
NA,NA
NA,NA
NA,NA
NA,NA
NA,NA
NA,NA
NA,NA
NA,NA
NA,NA
NA,NA
NA,NA
NA,NA
NA,NA
NA,NA
NA,NA
NA,NA
NA,NA
NA,NA
NA,NA
NA,NA
NA,NA
NA,NA
NA,NA
NA,NA
NA,NA
NA,NA
NA,NA
NA,NA
NA,NA
NA,NA
NA,NA
NA,NA
NA,NA
NA,NA
NA,NA
NA,NA
NA,NA
NA,NA
NA,NA
NA,NA
NA,NA
NA,NA
NA,NA
NA,NA
NA,NA
NA,NA
NA,NA
NA,NA
NA,NA
NA,NA
NA,NA
NA,NA
NA,NA
NA,NA
NA,NA
NA,NA
NA,NA
NA,NA
NA,NA
NA,NA
